regimen_id,regimen_name,source_component_count,projected_component_count,projected_components_json,excluded_components_json,added_lexical_components_json,explicit_missing_curated_components_json,benchmark_eligible,reason
1,(90)yfc,4,0,[],"[""Cyclophosphamide"",""fludarabine"",""ibritumomab tiuxetan"",""Rituximab""]",[],[],false,fewer_than_two_direct_lexical_components
2,131iodine-tositumomab monotherapy,0,0,[],[],[],[],false,fewer_than_two_direct_lexical_components
3,5 plus 2d,0,0,[],[],[],[],false,fewer_than_two_direct_lexical_components
4,5 plus 2i,1,0,[],"[""Idarubicin""]",[],[],false,fewer_than_two_direct_lexical_components
5,5 plus 3d,0,0,[],[],[],[],false,fewer_than_two_direct_lexical_components
6,5 plus 3i,1,0,[],"[""Idarubicin""]",[],[],false,fewer_than_two_direct_lexical_components
7,7 plus 3d,3,0,[],"[""Dacarbazine"",""Docetaxel"",""Paclitaxel""]",[],[],false,fewer_than_two_direct_lexical_components
8,7 plus 3d and glasdegib,1,0,[],"[""glasdegib""]",[],[],false,fewer_than_two_direct_lexical_components
9,7 plus 3d and go,1,0,[],"[""gemtuzumab ozogamicin""]",[],[],false,fewer_than_two_direct_lexical_components
10,7 plus 3d and midostaurin,1,0,[],"[""midostaurin""]",[],[],false,fewer_than_two_direct_lexical_components
11,7 plus 3d and quizartinib,1,0,[],"[""Afatinib""]",[],[],false,fewer_than_two_direct_lexical_components
12,7 plus 3d and sorafenib,1,0,[],"[""Sorafenib""]",[],[],false,fewer_than_two_direct_lexical_components
13,7 plus 3i,1,0,[],"[""Idarubicin""]",[],[],false,fewer_than_two_direct_lexical_components
14,7 plus 3i and panobinostat,2,0,[],"[""Idarubicin"",""panobinostat""]",[],[],false,fewer_than_two_direct_lexical_components
15,7 plus 3i and quizartinib,2,0,[],"[""Afatinib"",""Idarubicin""]",[],[],false,fewer_than_two_direct_lexical_components
16,7 plus 3i and sorafenib,2,0,[],"[""Idarubicin"",""Sorafenib""]",[],[],false,fewer_than_two_direct_lexical_components
17,7 plus 3i and vorinostat,2,0,[],"[""Idarubicin"",""vorinostat""]",[],[],false,fewer_than_two_direct_lexical_components
18,7 plus 3m,1,0,[],"[""mitoxantrone""]",[],[],false,fewer_than_two_direct_lexical_components
19,7 plus 5i,1,0,[],"[""Idarubicin""]",[],[],false,fewer_than_two_direct_lexical_components
20,7+3,2,0,[],"[""Idarubicin"",""mitoxantrone""]",[],[],false,fewer_than_two_direct_lexical_components
21,a-avd,2,0,[],"[""Brentuximab Vedotin"",""Dacarbazine""]",[],[],false,fewer_than_two_direct_lexical_components
22,a-chop,3,0,[],"[""alemtuzumab"",""Cyclophosphamide"",""Vincristine""]",[],[],false,fewer_than_two_direct_lexical_components
23,a-cmf,3,0,[],"[""Cyclophosphamide"",""Fluorouracil"",""Methotrexate""]",[],[],false,fewer_than_two_direct_lexical_components
24,aall0232 consolidation,4,0,[],"[""Cyclophosphamide"",""Mercaptopurine"",""pegaspargase"",""Vincristine""]",[],[],false,fewer_than_two_direct_lexical_components
25,aall0932 delayed intensification,4,0,[],"[""Cyclophosphamide"",""pegaspargase"",""Thioguanine"",""Vincristine""]",[],[],false,fewer_than_two_direct_lexical_components
26,abarelix monotherapy,1,0,[],"[""abarelix""]",[],[],false,fewer_than_two_direct_lexical_components
27,abc,3,0,[],"[""Bevacizumab"",""Carboplatin"",""Paclitaxel""]",[],[],false,fewer_than_two_direct_lexical_components
28,abcd,3,0,[],"[""Bleomycin"",""Dacarbazine"",""Lomustine""]",[],[],false,fewer_than_two_direct_lexical_components
29,abcm,5,0,[],"[""Bleomycin"",""Carmustine"",""Cyclophosphamide"",""Melphalan"",""Mitomycin""]",[],[],false,fewer_than_two_direct_lexical_components
30,abcp,4,0,[],"[""Atezolizumab"",""Bevacizumab"",""Carboplatin"",""Paclitaxel""]",[],[],false,fewer_than_two_direct_lexical_components
31,abd,2,0,[],"[""Bleomycin"",""Dacarbazine""]",[],[],false,fewer_than_two_direct_lexical_components
32,abdic,3,0,[],"[""Bleomycin"",""Dacarbazine"",""Lomustine""]",[],[],false,fewer_than_two_direct_lexical_components
33,abemaciclib and anastrozole,2,2,"[""Abemaciclib"",""Anastrozole""]",[],[],[],true,at_least_two_direct_components_lexically_grounded_in_regimen_name
34,abemaciclib and et,1,0,[],"[""Abemaciclib""]",[],[],false,fewer_than_two_direct_lexical_components
35,abemaciclib and fulvestrant,2,2,"[""Abemaciclib"",""Fulvestrant""]",[],[],[],true,at_least_two_direct_components_lexically_grounded_in_regimen_name
36,abemaciclib and letrozole,2,2,"[""Abemaciclib"",""Letrozole""]",[],[],[],true,at_least_two_direct_components_lexically_grounded_in_regimen_name
37,abemaciclib monotherapy,1,0,[],"[""Abemaciclib""]",[],[],false,fewer_than_two_direct_lexical_components
38,abiraterone and apalutamide,2,2,"[""Abiraterone"",""Apalutamide""]",[],[],[],true,at_least_two_direct_components_lexically_grounded_in_regimen_name
39,abiraterone and niraparib,1,0,[],"[""abiraterone / niraparib""]",[],"[""Abiraterone"",""Niraparib""]",false,explicit_curated_component_missing_from_uotd_links
40,abiraterone and olaparib,2,2,"[""Abiraterone"",""Olaparib""]",[],[],[],true,at_least_two_direct_components_lexically_grounded_in_regimen_name
41,abiraterone monotherapy,1,0,[],"[""Abiraterone""]",[],[],false,fewer_than_two_direct_lexical_components
42,abp,1,0,[],"[""Bleomycin""]",[],[],false,fewer_than_two_direct_lexical_components
43,abv (vinblastine),2,0,[],"[""Bleomycin"",""Vincristine""]",[],"[""Vinblastine""]",false,explicit_curated_component_missing_from_uotd_links
44,abvd,2,0,[],"[""Bleomycin"",""Dacarbazine""]",[],[],false,fewer_than_two_direct_lexical_components
45,"abvd, dd-di",2,0,[],"[""Bleomycin"",""Dacarbazine""]",[],[],false,fewer_than_two_direct_lexical_components
46,abvdm,2,0,[],"[""Bleomycin"",""Dacarbazine""]",[],[],false,fewer_than_two_direct_lexical_components
47,abve,3,0,[],"[""Bleomycin"",""Etoposide"",""Vincristine""]",[],[],false,fewer_than_two_direct_lexical_components
48,abve-pc,4,0,[],"[""Bleomycin"",""Cyclophosphamide"",""Etoposide"",""Vincristine""]",[],[],false,fewer_than_two_direct_lexical_components
49,ac-cmf,3,0,[],"[""Cyclophosphamide"",""Fluorouracil"",""Methotrexate""]",[],[],false,fewer_than_two_direct_lexical_components
50,ac-d,2,0,[],"[""Cyclophosphamide"",""Docetaxel""]",[],[],false,fewer_than_two_direct_lexical_components
51,ac-h,2,0,[],"[""Cyclophosphamide"",""Trastuzumab""]",[],[],false,fewer_than_two_direct_lexical_components
52,ac-t,2,0,[],"[""Cyclophosphamide"",""Paclitaxel""]",[],[],false,fewer_than_two_direct_lexical_components
53,ac-th (docetaxel),6,0,[],"[""Carboplatin"",""Cyclophosphamide"",""Docetaxel"",""Paclitaxel"",""tislelizumab"",""Trastuzumab""]",[],[],false,fewer_than_two_direct_lexical_components
54,ac-thl (paclitaxel),4,0,[],"[""Cyclophosphamide"",""lapatinib"",""Paclitaxel"",""Trastuzumab""]",[],[],false,fewer_than_two_direct_lexical_components
55,ac-thp (docetaxel),5,0,[],"[""Cyclophosphamide"",""Docetaxel"",""Paclitaxel"",""Pertuzumab"",""Trastuzumab""]",[],[],false,fewer_than_two_direct_lexical_components
56,"ac-thp (docetaxel, phesgo)",3,0,[],"[""Cyclophosphamide"",""Docetaxel"",""hyaluronidase / pertuzumab / trastuzumab""]",[],[],false,fewer_than_two_direct_lexical_components
57,ac-tl (paclitaxel),3,0,[],"[""Cyclophosphamide"",""lapatinib"",""Paclitaxel""]",[],[],false,fewer_than_two_direct_lexical_components
58,acalabrutinib and obinutuzumab,2,2,"[""Acalabrutinib"",""Obinutuzumab""]",[],[],[],true,at_least_two_direct_components_lexically_grounded_in_regimen_name
59,acalabrutinib monotherapy,1,0,[],"[""Acalabrutinib""]",[],[],false,fewer_than_two_direct_lexical_components
60,accelerated bep,3,0,[],"[""Bleomycin"",""Cisplatin"",""Etoposide""]",[],[],false,fewer_than_two_direct_lexical_components
61,acep,2,0,[],"[""Cyclophosphamide"",""Etoposide""]",[],[],false,fewer_than_two_direct_lexical_components
62,ach,2,0,[],"[""Cyclophosphamide"",""Trastuzumab""]",[],[],false,fewer_than_two_direct_lexical_components
63,acoap,2,0,[],"[""Cyclophosphamide"",""Vincristine""]",[],[],false,fewer_than_two_direct_lexical_components
64,acomla,3,0,[],"[""Cyclophosphamide"",""Methotrexate"",""Vincristine""]",[],[],false,fewer_than_two_direct_lexical_components
65,acopp,3,0,[],"[""Cyclophosphamide"",""Procarbazine"",""Vincristine""]",[],[],false,fewer_than_two_direct_lexical_components
66,act,3,0,[],"[""Cyclophosphamide"",""Docetaxel"",""Tamoxifen""]",[],[],false,fewer_than_two_direct_lexical_components
67,act-fu-cy,3,0,[],"[""Cyclophosphamide"",""dactinomycin"",""Fluorouracil""]",[],[],false,fewer_than_two_direct_lexical_components
68,acvbp,5,0,[],"[""Bleomycin"",""Cyclophosphamide"",""Etoposide"",""Ifosfamide"",""Methotrexate""]",[],[],false,fewer_than_two_direct_lexical_components
69,adagrasib and cetuximab,2,2,"[""adagrasib"",""Cetuximab""]",[],[],[],true,at_least_two_direct_components_lexically_grounded_in_regimen_name
70,adagrasib monotherapy,1,0,[],"[""adagrasib""]",[],[],false,fewer_than_two_direct_lexical_components
71,ade (high-dose ara-c),1,0,[],"[""Etoposide""]",[],[],false,fewer_than_two_direct_lexical_components
72,ade and atra,2,0,[],"[""Etoposide"",""Tretinoin""]",[],[],false,fewer_than_two_direct_lexical_components
73,ade and go,2,0,[],"[""Etoposide"",""gemtuzumab ozogamicin""]",[],[],false,fewer_than_two_direct_lexical_components
74,adm,2,0,[],"[""Cisplatin"",""Methotrexate""]",[],[],false,fewer_than_two_direct_lexical_components
75,adoc,3,0,[],"[""Cisplatin"",""Cyclophosphamide"",""Vincristine""]",[],[],false,fewer_than_two_direct_lexical_components
76,adria-l-pam,1,0,[],"[""Melphalan""]",[],[],false,fewer_than_two_direct_lexical_components
77,adt,1,0,[],"[""bicalutamide""]",[],[],false,fewer_than_two_direct_lexical_components
78,adt and abiraterone,1,0,[],"[""Abiraterone""]",[],[],false,fewer_than_two_direct_lexical_components
79,adt and apalutamide,1,0,[],"[""Apalutamide""]",[],[],false,fewer_than_two_direct_lexical_components
80,adt and bicalutamide,1,0,[],"[""bicalutamide""]",[],[],false,fewer_than_two_direct_lexical_components
81,adt and darolutamide,1,0,[],"[""Darolutamide""]",[],[],false,fewer_than_two_direct_lexical_components
82,adt and docetaxel,2,0,[],"[""bicalutamide"",""Docetaxel""]",[],[],false,fewer_than_two_direct_lexical_components
83,adt and enzalutamide,1,0,[],"[""Enzalutamide""]",[],[],false,fewer_than_two_direct_lexical_components
84,adt and flutamide,1,0,[],"[""flutamide""]",[],[],false,fewer_than_two_direct_lexical_components
85,adt and nilutamide,1,0,[],"[""nilutamide""]",[],[],false,fewer_than_two_direct_lexical_components
86,adt and rt,2,0,[],"[""bicalutamide"",""flutamide""]",[],[],false,fewer_than_two_direct_lexical_components
87,"adt, darolutamide, docetaxel",2,2,"[""Darolutamide"",""Docetaxel""]",[],[],[],true,at_least_two_direct_components_lexically_grounded_in_regimen_name
88,"adt, enzalutamide, talazoparib",2,2,"[""Enzalutamide"",""Talazoparib""]",[],[],[],true,at_least_two_direct_components_lexically_grounded_in_regimen_name
89,afatinib and bevacizumab,2,2,"[""Afatinib"",""Bevacizumab""]",[],[],[],true,at_least_two_direct_components_lexically_grounded_in_regimen_name
90,afatinib and cetuximab,2,2,"[""Afatinib"",""Cetuximab""]",[],[],[],true,at_least_two_direct_components_lexically_grounded_in_regimen_name
91,afatinib and paclitaxel,2,2,"[""Afatinib"",""Paclitaxel""]",[],[],[],true,at_least_two_direct_components_lexically_grounded_in_regimen_name
92,afatinib monotherapy,1,0,[],"[""Afatinib""]",[],[],false,fewer_than_two_direct_lexical_components
93,aie,6,0,[],"[""Carboplatin"",""Etoposide"",""Idarubicin"",""Ifosfamide"",""Mesna"",""mitoxantrone""]",[],[],false,fewer_than_two_direct_lexical_components
94,alectinib monotherapy,1,0,[],"[""Alectinib""]",[],[],false,fewer_than_two_direct_lexical_components
95,alemtuzumab and methylprednisolone,1,0,[],"[""alemtuzumab""]",[],"[""Methylprednisolone""]",false,explicit_curated_component_missing_from_uotd_links
96,alemtuzumab and rituximab,2,2,"[""alemtuzumab"",""Rituximab""]",[],[],[],true,at_least_two_direct_components_lexically_grounded_in_regimen_name
97,alemtuzumab monotherapy,1,0,[],"[""alemtuzumab""]",[],[],false,fewer_than_two_direct_lexical_components
98,alitretinoin monotherapy,1,0,[],"[""alitretinoin""]",[],[],false,fewer_than_two_direct_lexical_components
99,alomad,5,0,[],"[""Chlorambucil"",""Dacarbazine"",""dactinomycin"",""Methotrexate"",""Vincristine""]",[],[],false,fewer_than_two_direct_lexical_components
100,alpelisib and fulvestrant,2,2,"[""alpelisib"",""Fulvestrant""]",[],[],[],true,at_least_two_direct_components_lexically_grounded_in_regimen_name
101,altretamine and cisplatin (hd),2,2,"[""altretamine"",""Cisplatin""]",[],[],[],true,at_least_two_direct_components_lexically_grounded_in_regimen_name
102,altretamine monotherapy,1,0,[],"[""altretamine""]",[],[],false,fewer_than_two_direct_lexical_components
103,aminoglutethimide monotherapy,1,0,[],"[""aminoglutethimide""]",[],[],false,fewer_than_two_direct_lexical_components
104,amivantamab monotherapy,1,0,[],"[""amivantamab""]",[],[],false,fewer_than_two_direct_lexical_components
105,amoxicillin and omemprazole,2,0,[],"[""amoxicillin"",""Omeprazole""]",[],[],false,fewer_than_two_direct_lexical_components
106,"amoxicillin, clarithromycin, ppi, bismuth",3,2,"[""amoxicillin"",""clarithromycin""]","[""Omeprazole""]",[],[],true,at_least_two_direct_components_lexically_grounded_in_regimen_name
107,amrubicin monotherapy,0,0,[],[],[],[],false,fewer_than_two_direct_lexical_components
108,amsacrine and hidac,2,0,[],"[""amsacrine"",""Methotrexate""]",[],[],false,fewer_than_two_direct_lexical_components
109,anagrelide monotherapy,1,0,[],"[""anagrelide""]",[],[],false,fewer_than_two_direct_lexical_components
110,anakinra monotherapy,1,0,[],"[""anakinra""]",[],[],false,fewer_than_two_direct_lexical_components
111,anastrozole and fulvestrant,2,2,"[""Anastrozole"",""Fulvestrant""]",[],[],[],true,at_least_two_direct_components_lexically_grounded_in_regimen_name
112,anastrozole and goserelin,2,2,"[""Anastrozole"",""Goserelin""]",[],[],[],true,at_least_two_direct_components_lexically_grounded_in_regimen_name
113,anastrozole and palbociclib,2,2,"[""Anastrozole"",""Palbociclib""]",[],[],[],true,at_least_two_direct_components_lexically_grounded_in_regimen_name
114,anastrozole and ribociclib,3,2,"[""Anastrozole"",""Ribociclib""]","[""Goserelin""]",[],[],true,at_least_two_direct_components_lexically_grounded_in_regimen_name
115,anastrozole and trastuzumab,2,2,"[""Anastrozole"",""Trastuzumab""]",[],[],[],true,at_least_two_direct_components_lexically_grounded_in_regimen_name
116,anastrozole monotherapy,1,0,[],"[""Anastrozole""]",[],[],false,fewer_than_two_direct_lexical_components
117,"anastrozole, goserelin, palbociclib",3,3,"[""Anastrozole"",""Goserelin"",""Palbociclib""]",[],[],[],true,at_least_two_direct_components_lexically_grounded_in_regimen_name
118,"anastrozole, lapatinib, trastuzumab",3,3,"[""Anastrozole"",""lapatinib"",""Trastuzumab""]",[],[],[],true,at_least_two_direct_components_lexically_grounded_in_regimen_name
119,anlotinib monotherapy,0,0,[],[],[],[],false,fewer_than_two_direct_lexical_components
120,apalutamide monotherapy,1,0,[],"[""Apalutamide""]",[],[],false,fewer_than_two_direct_lexical_components
121,apatinib and camrelizumab,0,0,[],[],[],[],false,fewer_than_two_direct_lexical_components
122,apatinib and gefitinib,1,0,[],"[""Gefitinib""]",[],[],false,fewer_than_two_direct_lexical_components
123,apatinib monotherapy,0,0,[],[],[],[],false,fewer_than_two_direct_lexical_components
124,apixaban monotherapy,1,0,[],"[""apixaban""]",[],[],false,fewer_than_two_direct_lexical_components
125,apo,1,0,[],"[""Vincristine""]",[],[],false,fewer_than_two_direct_lexical_components
126,apo regimen,2,0,[],"[""Methotrexate"",""Vincristine""]",[],[],false,fewer_than_two_direct_lexical_components
127,ara-c + dnr + pred + mp,1,0,[],"[""Mercaptopurine""]",[],[],false,fewer_than_two_direct_lexical_components
128,ara-c-hu,1,0,[],"[""Hydroxyurea""]",[],[],false,fewer_than_two_direct_lexical_components
129,ara-c/mtx,2,0,[],"[""Filgrastim"",""Methotrexate""]",[],[],false,fewer_than_two_direct_lexical_components
130,argatroban monotherapy,1,0,[],"[""argatroban""]",[],[],false,fewer_than_two_direct_lexical_components
131,arsenic trioxide and atra,2,0,[],"[""Arsenic Trioxide"",""Tretinoin""]",[],[],false,fewer_than_two_direct_lexical_components
132,arsenic trioxide and chlorambucil,2,2,"[""Arsenic Trioxide"",""Chlorambucil""]",[],[],[],true,at_least_two_direct_components_lexically_grounded_in_regimen_name
133,arsenic trioxide and idarubicin,2,2,"[""Arsenic Trioxide"",""Idarubicin""]",[],[],[],true,at_least_two_direct_components_lexically_grounded_in_regimen_name
134,arsenic trioxide monotherapy,1,0,[],"[""Arsenic Trioxide""]",[],[],false,fewer_than_two_direct_lexical_components
135,"arsenic trioxide, atra, gemtuzumab ozogamicin",3,2,"[""Arsenic Trioxide"",""gemtuzumab ozogamicin""]","[""Tretinoin""]",[],[],true,at_least_two_direct_components_lexically_grounded_in_regimen_name
136,"arsenic trioxide, atra, idarubicin",3,2,"[""Arsenic Trioxide"",""Idarubicin""]","[""Tretinoin""]",[],[],true,at_least_two_direct_components_lexically_grounded_in_regimen_name
137,arsenic trioxide-atra and daunorubicin,2,0,[],"[""Arsenic Trioxide"",""Tretinoin""]",[],"[""Daunorubicin""]",false,explicit_curated_component_missing_from_uotd_links
138,asciminib monotherapy,1,0,[],"[""asciminib""]",[],[],false,fewer_than_two_direct_lexical_components
139,ashap,1,0,[],"[""Cisplatin""]",[],[],false,fewer_than_two_direct_lexical_components
140,ashap/m-bacos,5,0,[],"[""Bleomycin"",""Cisplatin"",""Cyclophosphamide"",""Methotrexate"",""Vincristine""]",[],[],false,fewer_than_two_direct_lexical_components
141,aspametdex,2,0,[],"[""Asparaginase"",""Methotrexate""]",[],[],false,fewer_than_two_direct_lexical_components
142,aspirin and anagrelide,2,0,[],"[""anagrelide"",""ascorbic acid""]",[],"[""Aspirin""]",false,explicit_curated_component_missing_from_uotd_links
143,aspirin and hydroxyurea,1,0,[],"[""Hydroxyurea""]",[],"[""Aspirin""]",false,explicit_curated_component_missing_from_uotd_links
144,aspirin and warfarin,2,0,[],"[""ascorbic acid"",""warfarin""]",[],"[""Aspirin""]",false,explicit_curated_component_missing_from_uotd_links
145,aspirin monotherapy,1,0,[],"[""ascorbic acid""]",[],"[""Aspirin""]",false,explicit_curated_component_missing_from_uotd_links
146,at-cmf,4,0,[],"[""Cyclophosphamide"",""Fluorouracil"",""Methotrexate"",""Paclitaxel""]",[],[],false,fewer_than_two_direct_lexical_components
147,atezolizumab and bevacizumab,2,2,"[""Atezolizumab"",""Bevacizumab""]",[],[],[],true,at_least_two_direct_components_lexically_grounded_in_regimen_name
148,atezolizumab monotherapy,1,0,[],"[""Atezolizumab""]",[],[],false,fewer_than_two_direct_lexical_components
149,atg (horse) and cyclosporine,1,0,[],"[""cyclosporine""]",[],[],false,fewer_than_two_direct_lexical_components
150,atg (horse) monotherapy,1,0,[],"[""lymphocyte immune globulin, anti-thymocyte globulin""]",[],[],false,fewer_than_two_direct_lexical_components
151,"atg (horse), cyclosporine, eltrombopag",2,2,"[""cyclosporine"",""eltrombopag""]",[],[],[],true,at_least_two_direct_components_lexically_grounded_in_regimen_name
152,"atg (horse), cyclosporine, g-csf",3,0,[],"[""cyclosporine"",""Filgrastim"",""lenograstim""]",[],[],false,fewer_than_two_direct_lexical_components
153,"atg (horse), cyclosporine, sirolimus",2,2,"[""cyclosporine"",""sirolimus""]",[],[],[],true,at_least_two_direct_components_lexically_grounded_in_regimen_name
154,atg (rabbit) and cyclosporine,2,0,[],"[""cyclosporine"",""lymphocyte immune globulin, anti-thymocyte globulin""]",[],[],false,fewer_than_two_direct_lexical_components
155,atra (263),2,0,[],"[""gemtuzumab ozogamicin"",""Tretinoin""]",[],[],false,fewer_than_two_direct_lexical_components
156,atra and danazol,2,0,[],"[""danazol"",""Tretinoin""]",[],[],false,fewer_than_two_direct_lexical_components
157,atra and daunorubicin,1,0,[],"[""Tretinoin""]",[],"[""Daunorubicin""]",false,explicit_curated_component_missing_from_uotd_links
158,atra and idarubicin,2,0,[],"[""Idarubicin"",""Tretinoin""]",[],[],false,fewer_than_two_direct_lexical_components
159,atra monotherapy,1,0,[],"[""Tretinoin""]",[],[],false,fewer_than_two_direct_lexical_components
160,"atra, cytarabine, daunorubicin",1,0,[],"[""Tretinoin""]",[],"[""Cytarabine"",""Daunorubicin""]",false,explicit_curated_component_missing_from_uotd_links
161,"atra, cytarabine, idarubicin",2,0,[],"[""Idarubicin"",""Tretinoin""]",[],"[""Cytarabine""]",false,explicit_curated_component_missing_from_uotd_links
162,"atra, mercaptopurine, methotrexate",3,2,"[""Mercaptopurine"",""Methotrexate""]","[""Tretinoin""]",[],[],true,at_least_two_direct_components_lexically_grounded_in_regimen_name
163,augmented hyper-cvad/ma and asparaginase,4,0,[],"[""Cyclophosphamide"",""Methotrexate"",""pegaspargase"",""Vincristine""]",[],"[""Asparaginase""]",false,explicit_curated_component_missing_from_uotd_links
164,aumolertinib monotherapy,0,0,[],[],[],[],false,fewer_than_two_direct_lexical_components
165,avapritinib monotherapy,1,0,[],"[""avapritinib""]",[],[],false,fewer_than_two_direct_lexical_components
166,avatrombopag monotherapy,1,0,[],"[""avatrombopag""]",[],[],false,fewer_than_two_direct_lexical_components
167,avcf,3,0,[],"[""Cyclophosphamide"",""Fluorouracil"",""Vincristine""]",[],[],false,fewer_than_two_direct_lexical_components
168,avd,1,0,[],"[""Dacarbazine""]",[],[],false,fewer_than_two_direct_lexical_components
169,avelumab monotherapy,1,0,[],"[""Avelumab""]",[],[],false,fewer_than_two_direct_lexical_components
170,avo,3,0,[],"[""Acalabrutinib"",""Obinutuzumab"",""Venetoclax""]",[],[],false,fewer_than_two_direct_lexical_components
171,axicabtagene ciloleucel monotherapy,1,0,[],"[""axicabtagene ciloleucel""]",[],[],false,fewer_than_two_direct_lexical_components
172,axitinib and avelumab,2,2,"[""Avelumab"",""Axitinib""]",[],[],[],true,at_least_two_direct_components_lexically_grounded_in_regimen_name
173,axitinib and pembrolizumab,2,2,"[""Axitinib"",""Pembrolizumab""]",[],[],[],true,at_least_two_direct_components_lexically_grounded_in_regimen_name
174,axitinib and tace,1,0,[],"[""Axitinib""]",[],[],false,fewer_than_two_direct_lexical_components
175,axitinib and toripalimab,2,2,"[""Axitinib"",""toripalimab""]",[],[],[],true,at_least_two_direct_components_lexically_grounded_in_regimen_name
176,axitinib monotherapy,1,0,[],"[""Axitinib""]",[],[],false,fewer_than_two_direct_lexical_components
177,azacitidine and gemtuzumab ozogamicin,2,2,"[""Azacitidine"",""gemtuzumab ozogamicin""]",[],[],[],true,at_least_two_direct_components_lexically_grounded_in_regimen_name
178,azacitidine and ivosidenib,2,2,"[""Azacitidine"",""ivosidenib""]",[],[],[],true,at_least_two_direct_components_lexically_grounded_in_regimen_name
179,azacitidine and lenalidomide,2,2,"[""Azacitidine"",""Lenalidomide""]",[],[],[],true,at_least_two_direct_components_lexically_grounded_in_regimen_name
180,azacitidine and sorafenib,2,2,"[""Azacitidine"",""Sorafenib""]",[],[],[],true,at_least_two_direct_components_lexically_grounded_in_regimen_name
181,azacitidine and venetoclax,2,2,"[""Azacitidine"",""Venetoclax""]",[],[],[],true,at_least_two_direct_components_lexically_grounded_in_regimen_name
182,azacitidine and vorinostat,2,2,"[""Azacitidine"",""vorinostat""]",[],[],[],true,at_least_two_direct_components_lexically_grounded_in_regimen_name
183,azacitidine monotherapy,1,0,[],"[""Azacitidine""]",[],[],false,fewer_than_two_direct_lexical_components
184,azacitidine oral monotherapy,0,0,[],[],[],"[""Azacitidine""]",false,explicit_curated_component_missing_from_uotd_links
185,"azacitidine, vorinostat, gemtuzumab ozogamicin",3,3,"[""Azacitidine"",""gemtuzumab ozogamicin"",""vorinostat""]",[],[],[],true,at_least_two_direct_components_lexically_grounded_in_regimen_name
186,b-cave,2,0,[],"[""Bleomycin"",""Lomustine""]",[],[],false,fewer_than_two_direct_lexical_components
187,b-dopa,3,0,[],"[""Bleomycin"",""Dacarbazine"",""Vincristine""]",[],[],false,fewer_than_two_direct_lexical_components
188,baby pog i protocol,4,0,[],"[""Cisplatin"",""Cyclophosphamide"",""Etoposide"",""Vincristine""]",[],[],false,fewer_than_two_direct_lexical_components
189,bac,2,0,[],"[""Carmustine"",""Cyclophosphamide""]",[],[],false,fewer_than_two_direct_lexical_components
190,baco,4,0,[],"[""Bleomycin"",""Cyclophosphamide"",""Lomustine"",""Vincristine""]",[],[],false,fewer_than_two_direct_lexical_components
191,bacod,3,0,[],"[""Bleomycin"",""Cyclophosphamide"",""Vincristine""]",[],[],false,fewer_than_two_direct_lexical_components
192,bacon,4,0,[],"[""Bleomycin"",""Lomustine"",""mechlorethamine"",""Vincristine""]",[],[],false,fewer_than_two_direct_lexical_components
193,bamon,4,0,[],"[""Bleomycin"",""mechlorethamine"",""Methotrexate"",""Vincristine""]",[],[],false,fewer_than_two_direct_lexical_components
194,basic,4,0,[],"[""Cyclophosphamide"",""Methotrexate"",""Rituximab"",""Vincristine""]",[],[],false,fewer_than_two_direct_lexical_components
195,bat,2,0,[],"[""atovaquone"",""Enzalutamide""]",[],[],false,fewer_than_two_direct_lexical_components
196,bavip,2,0,[],"[""Bleomycin"",""Dacarbazine""]",[],[],false,fewer_than_two_direct_lexical_components
197,bbd,5,0,[],"[""Bendamustine"",""Bortezomib"",""Carmustine"",""Dacarbazine"",""Vincristine""]",[],[],false,fewer_than_two_direct_lexical_components
198,bbvp-m,3,0,[],"[""Bleomycin"",""Carmustine"",""Methotrexate""]",[],[],false,fewer_than_two_direct_lexical_components
199,bcap,2,0,[],"[""Carmustine"",""Cyclophosphamide""]",[],[],false,fewer_than_two_direct_lexical_components
200,bcave,2,0,[],"[""Bleomycin"",""Lomustine""]",[],[],false,fewer_than_two_direct_lexical_components
201,bcd,3,0,[],"[""Bleomycin"",""Cyclophosphamide"",""dactinomycin""]",[],[],false,fewer_than_two_direct_lexical_components
202,bcg and dacarbazine,2,0,[],"[""bcg, live, tice strain"",""Dacarbazine""]",[],[],false,fewer_than_two_direct_lexical_components
203,bcg vaccine monotherapy,1,0,[],"[""bcg, live, tice strain""]",[],[],false,fewer_than_two_direct_lexical_components
204,bchop,3,0,[],"[""Bortezomib"",""Cyclophosphamide"",""Vincristine""]",[],[],false,fewer_than_two_direct_lexical_components
205,bcmf,4,0,[],"[""Bleomycin"",""Cyclophosphamide"",""Fluorouracil"",""Methotrexate""]",[],[],false,fewer_than_two_direct_lexical_components
206,bcnu/tt,2,0,[],"[""Carmustine"",""thiotepa""]",[],[],false,fewer_than_two_direct_lexical_components
207,bcop,3,0,[],"[""Carmustine"",""Cyclophosphamide"",""Vincristine""]",[],[],false,fewer_than_two_direct_lexical_components
208,bcvpp,3,0,[],"[""Carmustine"",""Cyclophosphamide"",""Procarbazine""]",[],[],false,fewer_than_two_direct_lexical_components
209,bcvpp-bleo,4,0,[],"[""Bleomycin"",""Carmustine"",""Cyclophosphamide"",""Procarbazine""]",[],[],false,fewer_than_two_direct_lexical_components
210,bdr,2,0,[],"[""Bortezomib"",""Rituximab""]",[],[],false,fewer_than_two_direct_lexical_components
211,beac,3,0,[],"[""Carmustine"",""Cyclophosphamide"",""Etoposide""]",[],[],false,fewer_than_two_direct_lexical_components
212,beacopp,5,0,[],"[""Bleomycin"",""Cyclophosphamide"",""Etoposide"",""Procarbazine"",""Vincristine""]",[],[],false,fewer_than_two_direct_lexical_components
213,beacopp-14,5,0,[],"[""Bleomycin"",""Cyclophosphamide"",""Etoposide"",""Procarbazine"",""Vincristine""]",[],[],false,fewer_than_two_direct_lexical_components
214,beam,4,0,[],"[""Carmustine"",""Etoposide"",""Melphalan"",""Rituximab""]",[],[],false,fewer_than_two_direct_lexical_components
215,beeam,3,0,[],"[""Bendamustine"",""Etoposide"",""Melphalan""]",[],[],false,fewer_than_two_direct_lexical_components
216,begev,3,0,[],"[""Bendamustine"",""Gemcitabine"",""Vinorelbine""]",[],[],false,fewer_than_two_direct_lexical_components
217,belantamab mafodotin monotherapy,1,0,[],"[""belantamab mafodotin""]",[],[],false,fewer_than_two_direct_lexical_components
218,belinostat monotherapy,1,0,[],"[""belinostat""]",[],[],false,fewer_than_two_direct_lexical_components
219,belotecan and cisplatin,1,0,[],"[""Cisplatin""]",[],[],false,fewer_than_two_direct_lexical_components
220,belzutifan monotherapy,1,0,[],"[""belzutifan""]",[],[],false,fewer_than_two_direct_lexical_components
221,bemp,3,0,[],"[""Bleomycin"",""Cisplatin"",""Mitomycin""]",[],[],false,fewer_than_two_direct_lexical_components
222,bendamustine and brentuximab vedotin,2,2,"[""Bendamustine"",""Brentuximab Vedotin""]",[],[],[],true,at_least_two_direct_components_lexically_grounded_in_regimen_name
223,bendamustine and dexamethasone,1,0,[],"[""Bendamustine""]",[],"[""Dexamethasone""]",false,explicit_curated_component_missing_from_uotd_links
224,bendamustine and obinutuzumab,2,2,"[""Bendamustine"",""Obinutuzumab""]",[],[],[],true,at_least_two_direct_components_lexically_grounded_in_regimen_name
225,bendamustine and ofatumumab,2,2,"[""Bendamustine"",""ofatumumab""]",[],[],[],true,at_least_two_direct_components_lexically_grounded_in_regimen_name
226,bendamustine and rituximab (br),2,2,"[""Bendamustine"",""Rituximab""]",[],[],[],true,at_least_two_direct_components_lexically_grounded_in_regimen_name
227,bendamustine and rituximab (br) and ibrutinib,3,3,"[""Bendamustine"",""Ibrutinib"",""Rituximab""]",[],[],[],true,at_least_two_direct_components_lexically_grounded_in_regimen_name
228,bendamustine and rituximab (br) and idelalisib,3,3,"[""Bendamustine"",""Idelalisib"",""Rituximab""]",[],[],[],true,at_least_two_direct_components_lexically_grounded_in_regimen_name
229,bendamustine and rituximab (br) and polatuzumab vedotin,3,3,"[""Bendamustine"",""Polatuzumab Vedotin"",""Rituximab""]",[],[],[],true,at_least_two_direct_components_lexically_grounded_in_regimen_name
230,bendamustine monotherapy,1,0,[],"[""Bendamustine""]",[],[],false,fewer_than_two_direct_lexical_components
231,benralizumab monotherapy,1,0,[],"[""benralizumab""]",[],[],false,fewer_than_two_direct_lexical_components
232,bep,3,0,[],"[""Bleomycin"",""Cisplatin"",""Etoposide""]",[],[],false,fewer_than_two_direct_lexical_components
233,bert,3,0,[],"[""Bendamustine"",""Rituximab"",""Temsirolimus""]",[],[],false,fewer_than_two_direct_lexical_components
234,betrixaban monotherapy,1,0,[],"[""betrixaban""]",[],[],false,fewer_than_two_direct_lexical_components
235,bevacizumab + ifl,4,0,[],"[""Bevacizumab"",""Fluorouracil"",""folic acid"",""Irinotecan""]",[],[],false,fewer_than_two_direct_lexical_components
236,bevacizumab and interferon alfa-2a,2,2,"[""Bevacizumab"",""interferon alfa-2a""]",[],[],[],true,at_least_two_direct_components_lexically_grounded_in_regimen_name
237,bevacizumab and rituximab,2,2,"[""Bevacizumab"",""Rituximab""]",[],[],[],true,at_least_two_direct_components_lexically_grounded_in_regimen_name
238,bevacizumab and rt,1,0,[],"[""Bevacizumab""]",[],[],false,fewer_than_two_direct_lexical_components
239,bevacizumab monotherapy,1,0,[],"[""Bevacizumab""]",[],[],false,fewer_than_two_direct_lexical_components
240,bexarotene and pralatrexate,2,2,"[""bexarotene"",""pralatrexate""]",[],[],[],true,at_least_two_direct_components_lexically_grounded_in_regimen_name
241,bexarotene monotherapy,1,0,[],"[""bexarotene""]",[],[],false,fewer_than_two_direct_lexical_components
242,bfr,3,0,[],"[""Bendamustine"",""fludarabine"",""Rituximab""]",[],[],false,fewer_than_two_direct_lexical_components
243,bhd,3,0,[],"[""Carmustine"",""Dacarbazine"",""Hydroxyurea""]",[],[],false,fewer_than_two_direct_lexical_components
244,bicalutamide and goserelin,2,2,"[""bicalutamide"",""Goserelin""]",[],[],[],true,at_least_two_direct_components_lexically_grounded_in_regimen_name
245,bicalutamide and leuprolide,2,2,"[""bicalutamide"",""Leuprolide""]",[],[],[],true,at_least_two_direct_components_lexically_grounded_in_regimen_name
246,bicalutamide and rt,1,0,[],"[""bicalutamide""]",[],[],false,fewer_than_two_direct_lexical_components
247,bicalutamide monotherapy,1,0,[],"[""bicalutamide""]",[],[],false,fewer_than_two_direct_lexical_components
248,bid,2,0,[],"[""Bendamustine"",""Ixazomib""]",[],[],false,fewer_than_two_direct_lexical_components
249,binimetinib and encorafenib,2,2,"[""binimetinib"",""encorafenib""]",[],[],[],true,at_least_two_direct_components_lexically_grounded_in_regimen_name
250,binimetinib monotherapy,1,0,[],"[""binimetinib""]",[],[],false,fewer_than_two_direct_lexical_components
251,"binimetinib, encorafenib, cetuximab",3,3,"[""binimetinib"",""Cetuximab"",""encorafenib""]",[],[],[],true,at_least_two_direct_components_lexically_grounded_in_regimen_name
252,bird,2,0,[],"[""clarithromycin"",""Lenalidomide""]",[],[],false,fewer_than_two_direct_lexical_components
253,bld,2,0,[],"[""Bendamustine"",""Lenalidomide""]",[],[],false,fewer_than_two_direct_lexical_components
254,bleo-comf,5,0,[],"[""Bleomycin"",""Cyclophosphamide"",""Fluorouracil"",""Methotrexate"",""Vincristine""]",[],[],false,fewer_than_two_direct_lexical_components
255,bleomycin and cisplatin,2,2,"[""Bleomycin"",""Cisplatin""]",[],[],[],true,at_least_two_direct_components_lexically_grounded_in_regimen_name
256,bleomycin and vinblastine,1,0,[],"[""Bleomycin""]",[],"[""Vinblastine""]",false,explicit_curated_component_missing_from_uotd_links
257,bleomycin and vincristine (bo),2,2,"[""Bleomycin"",""Vincristine""]",[],[],[],true,at_least_two_direct_components_lexically_grounded_in_regimen_name
258,"bleomycin, methotrexate, vinblastine/rt",2,0,[],"[""Bleomycin"",""Methotrexate""]",[],"[""Vinblastine""]",false,explicit_curated_component_missing_from_uotd_links
259,blinatumomab monotherapy,1,0,[],"[""blinatumomab""]",[],[],false,fewer_than_two_direct_lexical_components
260,bmp,3,0,[],"[""Bleomycin"",""Cisplatin"",""Methotrexate""]",[],[],false,fewer_than_two_direct_lexical_components
261,bold,4,0,[],"[""Bleomycin"",""Dacarbazine"",""Lomustine"",""Vincristine""]",[],[],false,fewer_than_two_direct_lexical_components
262,bomp,3,0,[],"[""Bleomycin"",""Procarbazine"",""Vincristine""]",[],[],false,fewer_than_two_direct_lexical_components
263,bonp,3,0,[],"[""Bleomycin"",""Procarbazine"",""Vincristine""]",[],[],false,fewer_than_two_direct_lexical_components
264,bopam,4,0,[],"[""Bleomycin"",""mechlorethamine"",""Methotrexate"",""Vincristine""]",[],[],false,fewer_than_two_direct_lexical_components
265,bopp,3,0,[],"[""Carmustine"",""Procarbazine"",""Vincristine""]",[],[],false,fewer_than_two_direct_lexical_components
266,bortezomib and cyclophosphamide,2,2,"[""Bortezomib"",""Cyclophosphamide""]",[],[],[],true,at_least_two_direct_components_lexically_grounded_in_regimen_name
267,bortezomib and dexamethasone (vd),1,0,[],"[""Bortezomib""]",[],"[""Dexamethasone""]",false,explicit_curated_component_missing_from_uotd_links
268,bortezomib and dexamethasone (vd) and panobinostat,2,0,[],"[""Bortezomib"",""panobinostat""]",[],"[""Dexamethasone""]",false,explicit_curated_component_missing_from_uotd_links
269,bortezomib and melphalan,2,2,"[""Bortezomib"",""Melphalan""]",[],[],[],true,at_least_two_direct_components_lexically_grounded_in_regimen_name
270,bortezomib and panobinostat,2,2,"[""Bortezomib"",""panobinostat""]",[],[],[],true,at_least_two_direct_components_lexically_grounded_in_regimen_name
271,bortezomib and pegylated liposomal doxorubicin,1,0,[],"[""Bortezomib""]",[],"[""Pegylated Liposomal Doxorubicin""]",false,explicit_curated_component_missing_from_uotd_links
272,bortezomib and prednisone (vp),3,0,[],"[""Bortezomib"",""Cisplatin"",""Vincristine""]",[],"[""Prednisone""]",false,explicit_curated_component_missing_from_uotd_links
273,bortezomib and rituximab (vr),2,2,"[""Bortezomib"",""Rituximab""]",[],[],[],true,at_least_two_direct_components_lexically_grounded_in_regimen_name
274,bortezomib and vorinostat,2,2,"[""Bortezomib"",""vorinostat""]",[],[],[],true,at_least_two_direct_components_lexically_grounded_in_regimen_name
275,bortezomib monotherapy,2,0,[],"[""Bortezomib"",""Vinorelbine""]",[],[],false,fewer_than_two_direct_lexical_components
276,"bortezomib, thalidomide, dexamethasone, panobinostat",3,0,[],"[""Bortezomib"",""panobinostat"",""Thalidomide""]",[],"[""Dexamethasone""]",false,explicit_curated_component_missing_from_uotd_links
277,bosutinib monotherapy,1,0,[],"[""bosutinib""]",[],[],false,fewer_than_two_direct_lexical_components
278,br/rc,2,0,[],"[""Bendamustine"",""Rituximab""]",[],[],false,fewer_than_two_direct_lexical_components
279,brentuximab vedotin and dacarbazine,2,2,"[""Brentuximab Vedotin"",""Dacarbazine""]",[],[],[],true,at_least_two_direct_components_lexically_grounded_in_regimen_name
280,brentuximab vedotin and nivolumab,2,2,"[""Brentuximab Vedotin"",""Nivolumab""]",[],[],[],true,at_least_two_direct_components_lexically_grounded_in_regimen_name
281,brentuximab vedotin monotherapy,1,0,[],"[""Brentuximab Vedotin""]",[],[],false,fewer_than_two_direct_lexical_components
282,brexucabtagene autoleucel monotherapy,1,0,[],"[""brexucabtagene autoleucel""]",[],[],false,fewer_than_two_direct_lexical_components
283,brigatinib monotherapy,1,0,[],"[""brigatinib""]",[],[],false,fewer_than_two_direct_lexical_components
284,btd,2,0,[],"[""Bendamustine"",""Thalidomide""]",[],[],false,fewer_than_two_direct_lexical_components
285,bu/tt,2,0,[],"[""Busulfan"",""thiotepa""]",[],[],false,fewer_than_two_direct_lexical_components
286,bu/tt/cy,3,0,[],"[""Busulfan"",""Cyclophosphamide"",""thiotepa""]",[],[],false,fewer_than_two_direct_lexical_components
287,bucye,3,0,[],"[""Busulfan"",""Cyclophosphamide"",""Etoposide""]",[],[],false,fewer_than_two_direct_lexical_components
288,bucytbi,2,0,[],"[""Busulfan"",""Cyclophosphamide""]",[],[],false,fewer_than_two_direct_lexical_components
289,busulfan and cyclophosphamide,2,2,"[""Busulfan"",""Cyclophosphamide""]",[],[],[],true,at_least_two_direct_components_lexically_grounded_in_regimen_name
290,busulfan and fludarabine,3,2,"[""Busulfan"",""fludarabine""]","[""lymphocyte immune globulin, anti-thymocyte globulin""]",[],[],true,at_least_two_direct_components_lexically_grounded_in_regimen_name
291,busulfan and melphalan,2,2,"[""Busulfan"",""Melphalan""]",[],[],[],true,at_least_two_direct_components_lexically_grounded_in_regimen_name
292,busulfan monotherapy,1,0,[],"[""Busulfan""]",[],[],false,fewer_than_two_direct_lexical_components
293,"busulfan, cyclophosphamide, decitabine, g-csf",3,3,"[""Busulfan"",""Cyclophosphamide"",""Decitabine""]",[],[],[],true,at_least_two_direct_components_lexically_grounded_in_regimen_name
294,"busulfan, fludarabine, ibritumomab tiuxetan",4,3,"[""Busulfan"",""fludarabine"",""ibritumomab tiuxetan""]","[""Rituximab""]",[],[],true,at_least_two_direct_components_lexically_grounded_in_regimen_name
295,"busulfan, fludarabine, ibritumomab tiuxetan, then allo hsct",4,3,"[""Busulfan"",""fludarabine"",""ibritumomab tiuxetan""]","[""Rituximab""]",[],[],true,at_least_two_direct_components_lexically_grounded_in_regimen_name
296,"busulfan, fludarabine, thiotepa",3,3,"[""Busulfan"",""fludarabine"",""thiotepa""]",[],[],[],true,at_least_two_direct_components_lexically_grounded_in_regimen_name
297,"busulfan, fludarabine, thiotepa, then allo hsct",3,3,"[""Busulfan"",""fludarabine"",""thiotepa""]",[],[],[],true,at_least_two_direct_components_lexically_grounded_in_regimen_name
298,bv-avepc,4,0,[],"[""Brentuximab Vedotin"",""Cyclophosphamide"",""Etoposide"",""Vincristine""]",[],[],false,fewer_than_two_direct_lexical_components
299,bv-chp,2,0,[],"[""Brentuximab Vedotin"",""Cyclophosphamide""]",[],[],false,fewer_than_two_direct_lexical_components
300,bvam,3,0,[],"[""Carmustine"",""Methotrexate"",""Vincristine""]",[],[],false,fewer_than_two_direct_lexical_components
301,bvds,2,0,[],"[""Bleomycin"",""streptozocin""]",[],[],false,fewer_than_two_direct_lexical_components
302,bvp,2,0,[],"[""Bleomycin"",""Cisplatin""]",[],[],false,fewer_than_two_direct_lexical_components
303,bvr,3,0,[],"[""Bendamustine"",""Bortezomib"",""Rituximab""]",[],[],false,fewer_than_two_direct_lexical_components
304,c-bop,4,0,[],"[""Bleomycin"",""Carboplatin"",""Cisplatin"",""Vincristine""]",[],[],false,fewer_than_two_direct_lexical_components
305,c-mopp,4,0,[],"[""Cyclophosphamide"",""Lomustine"",""Procarbazine"",""Vincristine""]",[],[],false,fewer_than_two_direct_lexical_components
306,c-mopp/abv,4,0,[],"[""Bleomycin"",""Cyclophosphamide"",""Procarbazine"",""Vincristine""]",[],[],false,fewer_than_two_direct_lexical_components
307,c-tpf,4,0,[],"[""Cetuximab"",""Cisplatin"",""Docetaxel"",""Fluorouracil""]",[],[],false,fewer_than_two_direct_lexical_components
308,c-vamp,2,0,[],"[""Cyclophosphamide"",""Vincristine""]",[],[],false,fewer_than_two_direct_lexical_components
309,cabazitaxel and prednisolone,1,0,[],"[""cabazitaxel""]",[],[],false,fewer_than_two_direct_lexical_components
310,cabazitaxel and prednisone,1,0,[],"[""cabazitaxel""]",[],"[""Prednisone""]",false,explicit_curated_component_missing_from_uotd_links
311,cabo,4,0,[],"[""Bleomycin"",""Cisplatin"",""Methotrexate"",""Vincristine""]",[],[],false,fewer_than_two_direct_lexical_components
312,cabozantinib and erlotinib,2,2,"[""Cabozantinib"",""Erlotinib""]",[],[],[],true,at_least_two_direct_components_lexically_grounded_in_regimen_name
313,cabozantinib and nivolumab,2,2,"[""Cabozantinib"",""Nivolumab""]",[],[],[],true,at_least_two_direct_components_lexically_grounded_in_regimen_name
314,cabozantinib monotherapy,1,0,[],"[""Cabozantinib""]",[],[],false,fewer_than_two_direct_lexical_components
315,"cabozantinib, ipilimumab, nivolumab",3,3,"[""Cabozantinib"",""Ipilimumab"",""Nivolumab""]",[],[],[],true,at_least_two_direct_components_lexically_grounded_in_regimen_name
316,cac,1,0,[],"[""Cisplatin""]",[],[],false,fewer_than_two_direct_lexical_components
317,cad and g-csf,2,0,[],"[""Cyclophosphamide"",""Filgrastim""]",[],[],false,fewer_than_two_direct_lexical_components
318,caf and mpa,3,0,[],"[""Cyclophosphamide"",""Fluorouracil"",""medroxyprogesterone""]",[],[],false,fewer_than_two_direct_lexical_components
319,cafp,2,0,[],"[""Cyclophosphamide"",""Fluorouracil""]",[],[],false,fewer_than_two_direct_lexical_components
320,cafvp,3,0,[],"[""Cyclophosphamide"",""Fluorouracil"",""Vincristine""]",[],[],false,fewer_than_two_direct_lexical_components
321,"calaspargase, daunorubicin, vincristine, prednisone",2,0,[],"[""calaspargase pegol"",""Vincristine""]",[],"[""Daunorubicin"",""Prednisone""]",false,explicit_curated_component_missing_from_uotd_links
322,calgb 10-002 regimen,6,0,[],"[""Cyclophosphamide"",""Etoposide"",""Ifosfamide"",""Methotrexate"",""Rituximab"",""Vincristine""]",[],[],false,fewer_than_two_direct_lexical_components
323,calgb 8811 early intensification,4,0,[],"[""Asparaginase"",""Cyclophosphamide"",""Mercaptopurine"",""Vincristine""]",[],[],false,fewer_than_two_direct_lexical_components
324,calgb 8811 late intensification,3,0,[],"[""Cyclophosphamide"",""Thioguanine"",""Vincristine""]",[],[],false,fewer_than_two_direct_lexical_components
325,camf,3,0,[],"[""Cyclophosphamide"",""Fluorouracil"",""Methotrexate""]",[],[],false,fewer_than_two_direct_lexical_components
326,camfp,3,0,[],"[""Cyclophosphamide"",""Fluorouracil"",""Methotrexate""]",[],[],false,fewer_than_two_direct_lexical_components
327,camp,3,0,[],"[""Cyclophosphamide"",""Methotrexate"",""Procarbazine""]",[],[],false,fewer_than_two_direct_lexical_components
328,camrelizumab monotherapy,0,0,[],[],[],[],false,fewer_than_two_direct_lexical_components
329,cap,1,0,[],"[""Cyclophosphamide""]",[],[],false,fewer_than_two_direct_lexical_components
330,cap-bop,4,0,[],"[""Bleomycin"",""Cyclophosphamide"",""Procarbazine"",""Vincristine""]",[],[],false,fewer_than_two_direct_lexical_components
331,capecitabine and bevacizumab,3,2,"[""Bevacizumab"",""Capecitabine""]","[""Cetuximab""]",[],[],true,at_least_two_direct_components_lexically_grounded_in_regimen_name
332,capecitabine and cisplatin (cx),2,2,"[""Capecitabine"",""Cisplatin""]",[],[],[],true,at_least_two_direct_components_lexically_grounded_in_regimen_name
333,capecitabine and cisplatin (cx) and cetuximab,3,3,"[""Capecitabine"",""Cetuximab"",""Cisplatin""]",[],[],[],true,at_least_two_direct_components_lexically_grounded_in_regimen_name
334,capecitabine and cisplatin (cx) and pembrolizumab,3,3,"[""Capecitabine"",""Cisplatin"",""Pembrolizumab""]",[],[],[],true,at_least_two_direct_components_lexically_grounded_in_regimen_name
335,capecitabine and cisplatin (cx) and tislelizumab,3,3,"[""Capecitabine"",""Cisplatin"",""tislelizumab""]",[],[],[],true,at_least_two_direct_components_lexically_grounded_in_regimen_name
336,capecitabine and cisplatin (cx) and trastuzumab,3,3,"[""Capecitabine"",""Cisplatin"",""Trastuzumab""]",[],[],[],true,at_least_two_direct_components_lexically_grounded_in_regimen_name
337,"capecitabine and cisplatin (cx), pertuzumab, trastuzumab",4,4,"[""Capecitabine"",""Cisplatin"",""Pertuzumab"",""Trastuzumab""]",[],[],[],true,at_least_two_direct_components_lexically_grounded_in_regimen_name
338,capecitabine and docetaxel (tx),14,2,"[""Capecitabine"",""Docetaxel""]","[""Bevacizumab"",""Carboplatin"",""Cisplatin"",""Cyclophosphamide"",""Melphalan"",""Paclitaxel"",""Pemetrexed"",""Pomalidomide"",""Tamoxifen"",""Thalidomide"",""Topotecan"",""Trastuzumab""]",[],[],true,at_least_two_direct_components_lexically_grounded_in_regimen_name
339,capecitabine and erlotinib,2,2,"[""Capecitabine"",""Erlotinib""]",[],[],[],true,at_least_two_direct_components_lexically_grounded_in_regimen_name
340,capecitabine and fulvestrant,2,2,"[""Capecitabine"",""Fulvestrant""]",[],[],[],true,at_least_two_direct_components_lexically_grounded_in_regimen_name
341,capecitabine and gemcitabine,2,2,"[""Capecitabine"",""Gemcitabine""]",[],[],[],true,at_least_two_direct_components_lexically_grounded_in_regimen_name
342,capecitabine and ixabepilone,3,2,"[""Capecitabine"",""ixabepilone""]","[""Irinotecan""]",[],[],true,at_least_two_direct_components_lexically_grounded_in_regimen_name
343,capecitabine and lapatinib,2,2,"[""Capecitabine"",""lapatinib""]",[],[],[],true,at_least_two_direct_components_lexically_grounded_in_regimen_name
344,capecitabine and margetuximab,2,2,"[""Capecitabine"",""margetuximab""]",[],[],[],true,at_least_two_direct_components_lexically_grounded_in_regimen_name
345,capecitabine and mitomycin,2,2,"[""Capecitabine"",""Mitomycin""]",[],[],[],true,at_least_two_direct_components_lexically_grounded_in_regimen_name
346,capecitabine and neratinib,2,2,"[""Capecitabine"",""neratinib""]",[],[],[],true,at_least_two_direct_components_lexically_grounded_in_regimen_name
347,capecitabine and oxaliplatin (capeox) and tislelizumab,3,3,"[""Capecitabine"",""Oxaliplatin"",""tislelizumab""]",[],[],[],true,at_least_two_direct_components_lexically_grounded_in_regimen_name
348,"capecitabine and paclitaxel, nanoparticle albumin-bound",2,2,"[""Capecitabine"",""Paclitaxel""]",[],[],[],true,at_least_two_direct_components_lexically_grounded_in_regimen_name
349,capecitabine and pyrotinib,1,0,[],"[""Capecitabine""]",[],[],false,fewer_than_two_direct_lexical_components
350,capecitabine and rt,1,0,[],"[""Capecitabine""]",[],[],false,fewer_than_two_direct_lexical_components
351,capecitabine and temozolomide,2,2,"[""Capecitabine"",""Temozolomide""]",[],[],[],true,at_least_two_direct_components_lexically_grounded_in_regimen_name
352,capecitabine and trastuzumab (xh),2,2,"[""Capecitabine"",""Trastuzumab""]",[],[],[],true,at_least_two_direct_components_lexically_grounded_in_regimen_name
353,capecitabine and trastuzumab (xh) and tucatinib,3,3,"[""Capecitabine"",""Trastuzumab"",""tucatinib""]",[],[],[],true,at_least_two_direct_components_lexically_grounded_in_regimen_name
354,capecitabine and vinflunine,1,0,[],"[""Capecitabine""]",[],[],false,fewer_than_two_direct_lexical_components
355,capecitabine monotherapy,1,0,[],"[""Capecitabine""]",[],[],false,fewer_than_two_direct_lexical_components
356,"capecitabine, bevacizumab, trastuzumab",3,3,"[""Bevacizumab"",""Capecitabine"",""Trastuzumab""]",[],[],[],true,at_least_two_direct_components_lexically_grounded_in_regimen_name
357,"capecitabine, carboplatin, paclitaxel, rt",3,3,"[""Capecitabine"",""Carboplatin"",""Paclitaxel""]",[],[],[],true,at_least_two_direct_components_lexically_grounded_in_regimen_name
358,"capecitabine, cisplatin, rt",2,2,"[""Capecitabine"",""Cisplatin""]",[],[],[],true,at_least_two_direct_components_lexically_grounded_in_regimen_name
359,"capecitabine, docetaxel, oxaliplatin, rt",3,3,"[""Capecitabine"",""Docetaxel"",""Oxaliplatin""]",[],[],[],true,at_least_two_direct_components_lexically_grounded_in_regimen_name
360,"capecitabine, docetaxel, rt",2,2,"[""Capecitabine"",""Docetaxel""]",[],[],[],true,at_least_two_direct_components_lexically_grounded_in_regimen_name
361,"capecitabine, mitomycin, rt",2,2,"[""Capecitabine"",""Mitomycin""]",[],[],[],true,at_least_two_direct_components_lexically_grounded_in_regimen_name
362,"capecitabine, oxaliplatin, rt",2,2,"[""Capecitabine"",""Oxaliplatin""]",[],[],[],true,at_least_two_direct_components_lexically_grounded_in_regimen_name
363,"capecitabine, paclitaxel, rt",2,2,"[""Capecitabine"",""Paclitaxel""]",[],[],[],true,at_least_two_direct_components_lexically_grounded_in_regimen_name
364,"capecitabine, sorafenib, rt",2,2,"[""Capecitabine"",""Sorafenib""]",[],[],[],true,at_least_two_direct_components_lexically_grounded_in_regimen_name
365,capeox,2,0,[],"[""Capecitabine"",""Oxaliplatin""]",[],[],false,fewer_than_two_direct_lexical_components
366,capeox and bevacizumab,3,0,[],"[""Bevacizumab"",""Capecitabine"",""Oxaliplatin""]",[],[],false,fewer_than_two_direct_lexical_components
367,capeox and erlotinib,3,0,[],"[""Capecitabine"",""Erlotinib"",""Oxaliplatin""]",[],[],false,fewer_than_two_direct_lexical_components
368,capeox and nivolumab,3,0,[],"[""Capecitabine"",""Nivolumab"",""Oxaliplatin""]",[],[],false,fewer_than_two_direct_lexical_components
369,capeox and panitumumab,3,0,[],"[""Capecitabine"",""Oxaliplatin"",""Panitumumab""]",[],[],false,fewer_than_two_direct_lexical_components
370,capeox and pembrolizumab,3,0,[],"[""Capecitabine"",""Oxaliplatin"",""Pembrolizumab""]",[],[],false,fewer_than_two_direct_lexical_components
371,capeox and trastuzumab,3,0,[],"[""Capecitabine"",""Oxaliplatin"",""Trastuzumab""]",[],[],false,fewer_than_two_direct_lexical_components
372,"capeox, cetuximab, rt",3,0,[],"[""Capecitabine"",""Cetuximab"",""Oxaliplatin""]",[],[],false,fewer_than_two_direct_lexical_components
373,"capeox, pembrolizumab, trastuzumab",4,2,"[""Pembrolizumab"",""Trastuzumab""]","[""Capecitabine"",""Oxaliplatin""]",[],[],true,at_least_two_direct_components_lexically_grounded_in_regimen_name
374,capiri-bev,3,0,[],"[""Bevacizumab"",""Capecitabine"",""Irinotecan""]",[],[],false,fewer_than_two_direct_lexical_components
375,capirirt,2,0,[],"[""Capecitabine"",""Irinotecan""]",[],[],false,fewer_than_two_direct_lexical_components
376,capivasertib and fulvestrant,2,2,"[""capivasertib"",""Fulvestrant""]",[],[],[],true,at_least_two_direct_components_lexically_grounded_in_regimen_name
377,capmatinib monotherapy,1,0,[],"[""capmatinib""]",[],[],false,fewer_than_two_direct_lexical_components
378,carbf,2,0,[],"[""Carboplatin"",""Fluorouracil""]",[],[],false,fewer_than_two_direct_lexical_components
379,carboplatin and bevacizumab,2,2,"[""Bevacizumab"",""Carboplatin""]",[],[],[],true,at_least_two_direct_components_lexically_grounded_in_regimen_name
380,carboplatin and cisplatin,4,2,"[""Carboplatin"",""Cisplatin""]","[""cladribine"",""Cyclophosphamide""]",[],[],true,at_least_two_direct_components_lexically_grounded_in_regimen_name
381,carboplatin and cyclophosphamide,2,2,"[""Carboplatin"",""Cyclophosphamide""]",[],[],[],true,at_least_two_direct_components_lexically_grounded_in_regimen_name
382,carboplatin and dacarbazine,2,2,"[""Carboplatin"",""Dacarbazine""]",[],[],[],true,at_least_two_direct_components_lexically_grounded_in_regimen_name
383,carboplatin and docetaxel,2,2,"[""Carboplatin"",""Docetaxel""]",[],[],[],true,at_least_two_direct_components_lexically_grounded_in_regimen_name
384,carboplatin and etoposide (ce),11,2,"[""Carboplatin"",""Etoposide""]","[""Bleomycin"",""Cisplatin"",""Cyclophosphamide"",""Docetaxel"",""Epirubicin"",""Lomustine"",""Paclitaxel"",""Vincristine"",""Vinorelbine""]",[],[],true,at_least_two_direct_components_lexically_grounded_in_regimen_name
385,carboplatin and etoposide (ce) and atezolizumab,3,3,"[""Atezolizumab"",""Carboplatin"",""Etoposide""]",[],[],[],true,at_least_two_direct_components_lexically_grounded_in_regimen_name
386,carboplatin and etoposide (ce) and bevacizumab,3,3,"[""Bevacizumab"",""Carboplatin"",""Etoposide""]",[],[],[],true,at_least_two_direct_components_lexically_grounded_in_regimen_name
387,carboplatin and etoposide (ce) and durvalumab,3,3,"[""Carboplatin"",""Durvalumab"",""Etoposide""]",[],[],[],true,at_least_two_direct_components_lexically_grounded_in_regimen_name
388,carboplatin and etoposide (ce) and pembrolizumab,3,3,"[""Carboplatin"",""Etoposide"",""Pembrolizumab""]",[],[],[],true,at_least_two_direct_components_lexically_grounded_in_regimen_name
389,carboplatin and etoposide (ce) and serplulimab,2,2,"[""Carboplatin"",""Etoposide""]",[],[],[],true,at_least_two_direct_components_lexically_grounded_in_regimen_name
390,carboplatin and fluorouracil,2,2,"[""Carboplatin"",""Fluorouracil""]",[],[],[],true,at_least_two_direct_components_lexically_grounded_in_regimen_name
391,carboplatin and gemcitabine (gcb),5,2,"[""Carboplatin"",""Gemcitabine""]","[""Bevacizumab"",""Cisplatin"",""Paclitaxel""]",[],[],true,at_least_two_direct_components_lexically_grounded_in_regimen_name
392,carboplatin and gemcitabine (gcb) and atezolizumab,3,3,"[""Atezolizumab"",""Carboplatin"",""Gemcitabine""]",[],[],[],true,at_least_two_direct_components_lexically_grounded_in_regimen_name
393,carboplatin and gemcitabine (gcb) and bevacizumab,3,3,"[""Bevacizumab"",""Carboplatin"",""Gemcitabine""]",[],[],[],true,at_least_two_direct_components_lexically_grounded_in_regimen_name
394,carboplatin and gemcitabine (gcb) and durvalumab,3,3,"[""Carboplatin"",""Durvalumab"",""Gemcitabine""]",[],[],[],true,at_least_two_direct_components_lexically_grounded_in_regimen_name
395,carboplatin and gemcitabine (gcb) and paclitaxel,5,3,"[""Carboplatin"",""Gemcitabine"",""Paclitaxel""]","[""Gefitinib"",""Pemetrexed""]",[],[],true,at_least_two_direct_components_lexically_grounded_in_regimen_name
396,carboplatin and gemcitabine (gcb) and pembrolizumab,3,3,"[""Carboplatin"",""Gemcitabine"",""Pembrolizumab""]",[],[],[],true,at_least_two_direct_components_lexically_grounded_in_regimen_name
397,carboplatin and gemcitabine/erlotinib,3,3,"[""Carboplatin"",""Erlotinib"",""Gemcitabine""]",[],[],[],true,at_least_two_direct_components_lexically_grounded_in_regimen_name
398,carboplatin and ifosfamide,2,2,"[""Carboplatin"",""Ifosfamide""]",[],[],[],true,at_least_two_direct_components_lexically_grounded_in_regimen_name
399,carboplatin and irinotecan,3,2,"[""Carboplatin"",""Irinotecan""]","[""Cisplatin""]",[],[],true,at_least_two_direct_components_lexically_grounded_in_regimen_name
400,carboplatin and nab-paclitaxel,2,0,[],"[""Carboplatin"",""Paclitaxel""]",[],"[""Nab-Paclitaxel""]",false,explicit_curated_component_missing_from_uotd_links
401,carboplatin and nab-paclitaxel (cnp) and serplulimab,1,0,[],"[""Carboplatin""]",[],"[""Nab-Paclitaxel""]",false,explicit_curated_component_missing_from_uotd_links
402,carboplatin and nab-paclitaxel (cnp) and tislelizumab,2,0,[],"[""Carboplatin"",""tislelizumab""]",[],"[""Nab-Paclitaxel""]",false,explicit_curated_component_missing_from_uotd_links
403,carboplatin and paclitaxel (cp) and bevacizumab,6,3,"[""Bevacizumab"",""Carboplatin"",""Paclitaxel""]","[""Carmustine"",""Cisplatin"",""Cyclophosphamide""]",[],[],true,at_least_two_direct_components_lexically_grounded_in_regimen_name
404,carboplatin and paclitaxel (cp) and camrelizumab,2,2,"[""Carboplatin"",""Paclitaxel""]",[],[],[],true,at_least_two_direct_components_lexically_grounded_in_regimen_name
405,carboplatin and paclitaxel (cp) and cemiplimab,3,3,"[""Carboplatin"",""Cemiplimab"",""Paclitaxel""]",[],[],[],true,at_least_two_direct_components_lexically_grounded_in_regimen_name
406,carboplatin and paclitaxel (cp) and dostarlimab,3,3,"[""Carboplatin"",""dostarlimab"",""Paclitaxel""]",[],[],[],true,at_least_two_direct_components_lexically_grounded_in_regimen_name
407,carboplatin and paclitaxel (cp) and durvalumab,3,3,"[""Carboplatin"",""Durvalumab"",""Paclitaxel""]",[],[],[],true,at_least_two_direct_components_lexically_grounded_in_regimen_name
408,carboplatin and paclitaxel (cp) and ipilimumab,3,3,"[""Carboplatin"",""Ipilimumab"",""Paclitaxel""]",[],[],[],true,at_least_two_direct_components_lexically_grounded_in_regimen_name
409,"carboplatin and paclitaxel (cp) and ipilimumab, nivolumab",4,4,"[""Carboplatin"",""Ipilimumab"",""Nivolumab"",""Paclitaxel""]",[],[],[],true,at_least_two_direct_components_lexically_grounded_in_regimen_name
410,carboplatin and paclitaxel (cp) and nintedanib,3,3,"[""Carboplatin"",""nintedanib"",""Paclitaxel""]",[],[],[],true,at_least_two_direct_components_lexically_grounded_in_regimen_name
411,carboplatin and paclitaxel (cp) and nivolumab,3,3,"[""Carboplatin"",""Nivolumab"",""Paclitaxel""]",[],[],[],true,at_least_two_direct_components_lexically_grounded_in_regimen_name
412,carboplatin and paclitaxel (cp) and olaparib,3,3,"[""Carboplatin"",""Olaparib"",""Paclitaxel""]",[],[],[],true,at_least_two_direct_components_lexically_grounded_in_regimen_name
413,carboplatin and paclitaxel (cp) and pembrolizumab,3,3,"[""Carboplatin"",""Paclitaxel"",""Pembrolizumab""]",[],[],[],true,at_least_two_direct_components_lexically_grounded_in_regimen_name
414,carboplatin and paclitaxel (cp) and penpulimab,3,3,"[""Carboplatin"",""Paclitaxel"",""penpulimab""]",[],[],[],true,at_least_two_direct_components_lexically_grounded_in_regimen_name
415,carboplatin and paclitaxel (cp) and rt,3,2,"[""Carboplatin"",""Paclitaxel""]","[""Cisplatin""]",[],[],true,at_least_two_direct_components_lexically_grounded_in_regimen_name
416,carboplatin and paclitaxel (cp) and sugemalimab,2,2,"[""Carboplatin"",""Paclitaxel""]",[],[],[],true,at_least_two_direct_components_lexically_grounded_in_regimen_name
417,carboplatin and paclitaxel (cp) and trastuzumab,7,3,"[""Carboplatin"",""Paclitaxel"",""Trastuzumab""]","[""Capecitabine"",""Cisplatin"",""Cyclophosphamide"",""Docetaxel""]",[],[],true,at_least_two_direct_components_lexically_grounded_in_regimen_name
418,"carboplatin and paclitaxel (cp), bevacizumab, nivolumab",4,4,"[""Bevacizumab"",""Carboplatin"",""Nivolumab"",""Paclitaxel""]",[],[],[],true,at_least_two_direct_components_lexically_grounded_in_regimen_name
419,"carboplatin and paclitaxel (cp), bevacizumab, pembrolizumab",4,4,"[""Bevacizumab"",""Carboplatin"",""Paclitaxel"",""Pembrolizumab""]",[],[],[],true,at_least_two_direct_components_lexically_grounded_in_regimen_name
420,"carboplatin and paclitaxel (cp), olaparib, durvalumab",4,4,"[""Carboplatin"",""Durvalumab"",""Olaparib"",""Paclitaxel""]",[],[],[],true,at_least_two_direct_components_lexically_grounded_in_regimen_name
421,carboplatin and rt,1,0,[],"[""Carboplatin""]",[],[],false,fewer_than_two_direct_lexical_components
422,carboplatin and s-1,1,0,[],"[""Carboplatin""]",[],[],false,fewer_than_two_direct_lexical_components
423,carboplatin and teniposide,2,2,"[""Carboplatin"",""teniposide""]",[],[],[],true,at_least_two_direct_components_lexically_grounded_in_regimen_name
424,carboplatin monotherapy,1,0,[],"[""Carboplatin""]",[],[],false,fewer_than_two_direct_lexical_components
425,"carboplatin, docetaxel, prednisone",2,0,[],"[""Carboplatin"",""Docetaxel""]",[],"[""Prednisone""]",false,explicit_curated_component_missing_from_uotd_links
426,"carboplatin, etoposide, rt",3,2,"[""Carboplatin"",""Etoposide""]","[""Cisplatin""]",[],[],true,at_least_two_direct_components_lexically_grounded_in_regimen_name
427,"carboplatin, fluorouracil, cetuximab",3,3,"[""Carboplatin"",""Cetuximab"",""Fluorouracil""]",[],[],[],true,at_least_two_direct_components_lexically_grounded_in_regimen_name
428,"carboplatin, fluorouracil, cetuximab, rt",3,3,"[""Carboplatin"",""Cetuximab"",""Fluorouracil""]",[],[],[],true,at_least_two_direct_components_lexically_grounded_in_regimen_name
429,"carboplatin, fluorouracil, pembrolizumab",3,3,"[""Carboplatin"",""Fluorouracil"",""Pembrolizumab""]",[],[],[],true,at_least_two_direct_components_lexically_grounded_in_regimen_name
430,"carboplatin, fluorouracil, rt",2,2,"[""Carboplatin"",""Fluorouracil""]",[],[],[],true,at_least_two_direct_components_lexically_grounded_in_regimen_name
431,"carboplatin, lazertinib, pemetrexed, amivantamab",4,4,"[""amivantamab"",""Carboplatin"",""lazertinib"",""Pemetrexed""]",[],[],[],true,at_least_two_direct_components_lexically_grounded_in_regimen_name
432,"carboplatin, nab-paclitaxel, atezolizumab",3,0,[],"[""Atezolizumab"",""Carboplatin"",""Paclitaxel""]",[],"[""Nab-Paclitaxel""]",false,explicit_curated_component_missing_from_uotd_links
433,"carboplatin, nab-paclitaxel, durvalumab",3,0,[],"[""Carboplatin"",""Durvalumab"",""Paclitaxel""]",[],"[""Nab-Paclitaxel""]",false,explicit_curated_component_missing_from_uotd_links
434,"carboplatin, nab-paclitaxel, durvalumab, tremelimumab",4,0,[],"[""Carboplatin"",""Durvalumab"",""Paclitaxel"",""tremelimumab""]",[],"[""Nab-Paclitaxel""]",false,explicit_curated_component_missing_from_uotd_links
435,"carboplatin, nab-paclitaxel, pembrolizumab",3,0,[],"[""Carboplatin"",""Paclitaxel"",""Pembrolizumab""]",[],"[""Nab-Paclitaxel""]",false,explicit_curated_component_missing_from_uotd_links
436,"carboplatin, osimertinib, pemetrexed",3,3,"[""Carboplatin"",""Osimertinib"",""Pemetrexed""]",[],[],[],true,at_least_two_direct_components_lexically_grounded_in_regimen_name
437,"carboplatin, pegylated liposomal doxorubicin, bevacizumab",2,0,[],"[""Bevacizumab"",""Carboplatin""]",[],"[""Pegylated Liposomal Doxorubicin""]",false,explicit_curated_component_missing_from_uotd_links
438,"carboplatin, pemetrexed, amivantamab",3,3,"[""amivantamab"",""Carboplatin"",""Pemetrexed""]",[],[],[],true,at_least_two_direct_components_lexically_grounded_in_regimen_name
439,"carboplatin, pemetrexed, atezolizumab",4,3,"[""Atezolizumab"",""Carboplatin"",""Pemetrexed""]","[""Cisplatin""]",[],[],true,at_least_two_direct_components_lexically_grounded_in_regimen_name
440,"carboplatin, pemetrexed, bevacizumab",3,3,"[""Bevacizumab"",""Carboplatin"",""Pemetrexed""]",[],[],[],true,at_least_two_direct_components_lexically_grounded_in_regimen_name
441,"carboplatin, pemetrexed, camrelizumab",2,2,"[""Carboplatin"",""Pemetrexed""]",[],[],[],true,at_least_two_direct_components_lexically_grounded_in_regimen_name
442,"carboplatin, pemetrexed, cemiplimab",3,3,"[""Carboplatin"",""Cemiplimab"",""Pemetrexed""]",[],[],[],true,at_least_two_direct_components_lexically_grounded_in_regimen_name
443,"carboplatin, pemetrexed, durvalumab",3,3,"[""Carboplatin"",""Durvalumab"",""Pemetrexed""]",[],[],[],true,at_least_two_direct_components_lexically_grounded_in_regimen_name
444,"carboplatin, pemetrexed, ipilimumab, nivolumab",4,4,"[""Carboplatin"",""Ipilimumab"",""Nivolumab"",""Pemetrexed""]",[],[],[],true,at_least_two_direct_components_lexically_grounded_in_regimen_name
445,"carboplatin, pemetrexed, pembrolizumab",3,3,"[""Carboplatin"",""Pembrolizumab"",""Pemetrexed""]",[],[],[],true,at_least_two_direct_components_lexically_grounded_in_regimen_name
446,"carboplatin, pemetrexed, sintilimab",2,2,"[""Carboplatin"",""Pemetrexed""]",[],[],[],true,at_least_two_direct_components_lexically_grounded_in_regimen_name
447,"carboplatin, pemetrexed, sugemalimab",2,2,"[""Carboplatin"",""Pemetrexed""]",[],[],[],true,at_least_two_direct_components_lexically_grounded_in_regimen_name
448,"carboplatin, pemetrexed, tislelizumab",3,3,"[""Carboplatin"",""Pemetrexed"",""tislelizumab""]",[],[],[],true,at_least_two_direct_components_lexically_grounded_in_regimen_name
449,"carboplatin, vinorelbine, rt",2,2,"[""Carboplatin"",""Vinorelbine""]",[],[],[],true,at_least_two_direct_components_lexically_grounded_in_regimen_name
450,card,2,0,[],"[""Carfilzomib"",""Rituximab""]",[],[],false,fewer_than_two_direct_lexical_components
451,carfilzomib and dexamethasone (kd),1,0,[],"[""Carfilzomib""]",[],"[""Dexamethasone""]",false,explicit_curated_component_missing_from_uotd_links
452,carfilzomib and lenalidomide (kr),2,2,"[""Carfilzomib"",""Lenalidomide""]",[],[],[],true,at_least_two_direct_components_lexically_grounded_in_regimen_name
453,carfilzomib and panobinostat,2,2,"[""Carfilzomib"",""panobinostat""]",[],[],[],true,at_least_two_direct_components_lexically_grounded_in_regimen_name
454,carfilzomib monotherapy,1,0,[],"[""Carfilzomib""]",[],[],false,fewer_than_two_direct_lexical_components
455,carmustine and doxorubicin,1,0,[],"[""Carmustine""]",[],"[""Doxorubicin""]",false,explicit_curated_component_missing_from_uotd_links
456,carmustine and rt,1,0,[],"[""Carmustine""]",[],[],false,fewer_than_two_direct_lexical_components
457,carmustine monotherapy,1,0,[],"[""Carmustine""]",[],[],false,fewer_than_two_direct_lexical_components
458,cart-egfrviii monotherapy,0,0,[],[],[],[],false,fewer_than_two_direct_lexical_components
459,cav,3,0,[],"[""Cyclophosphamide"",""dactinomycin"",""Vincristine""]",[],[],false,fewer_than_two_direct_lexical_components
460,cav and rt,2,0,[],"[""Cyclophosphamide"",""Vincristine""]",[],[],false,fewer_than_two_direct_lexical_components
461,cav/pe,4,0,[],"[""Cisplatin"",""Cyclophosphamide"",""Etoposide"",""Vincristine""]",[],[],false,fewer_than_two_direct_lexical_components
462,cave,3,0,[],"[""Cyclophosphamide"",""Etoposide"",""Vincristine""]",[],[],false,fewer_than_two_direct_lexical_components
463,cbv,3,0,[],"[""Carmustine"",""Cyclophosphamide"",""Etoposide""]",[],[],false,fewer_than_two_direct_lexical_components
464,cbv-mx,4,0,[],"[""Carmustine"",""Cyclophosphamide"",""Etoposide"",""mitoxantrone""]",[],[],false,fewer_than_two_direct_lexical_components
465,ccavv,4,0,[],"[""Cyclophosphamide"",""Etoposide"",""Lomustine"",""Vincristine""]",[],[],false,fewer_than_two_direct_lexical_components
466,cce,3,0,[],"[""clofarabine"",""Cyclophosphamide"",""Etoposide""]",[],[],false,fewer_than_two_direct_lexical_components
467,ccnu-op,2,0,[],"[""Lomustine"",""Vincristine""]",[],[],false,fewer_than_two_direct_lexical_components
468,ccop,2,0,[],"[""Cyclophosphamide"",""Vincristine""]",[],[],false,fewer_than_two_direct_lexical_components
469,ccvv,4,0,[],"[""Cyclophosphamide"",""Etoposide"",""Lomustine"",""Vincristine""]",[],[],false,fewer_than_two_direct_lexical_components
470,ccvvp,5,0,[],"[""Cisplatin"",""Cyclophosphamide"",""Etoposide"",""Lomustine"",""Vincristine""]",[],[],false,fewer_than_two_direct_lexical_components
471,cdb,3,0,[],"[""Carmustine"",""Cisplatin"",""Dacarbazine""]",[],[],false,fewer_than_two_direct_lexical_components
472,cde,2,0,[],"[""Cyclophosphamide"",""Etoposide""]",[],[],false,fewer_than_two_direct_lexical_components
473,ceep,2,0,[],"[""Cyclophosphamide"",""Epirubicin""]",[],[],false,fewer_than_two_direct_lexical_components
474,cef/cmf,4,0,[],"[""Cyclophosphamide"",""Epirubicin"",""Fluorouracil"",""Methotrexate""]",[],[],false,fewer_than_two_direct_lexical_components
475,celecoxib and methotrexate,2,2,"[""celecoxib"",""Methotrexate""]",[],[],[],true,at_least_two_direct_components_lexically_grounded_in_regimen_name
476,"celecoxib, erlotinib, methotrexate",3,3,"[""celecoxib"",""Erlotinib"",""Methotrexate""]",[],[],[],true,at_least_two_direct_components_lexically_grounded_in_regimen_name
477,"celecoxib, erlotinib, methotrexate, nivolumab",4,4,"[""celecoxib"",""Erlotinib"",""Methotrexate"",""Nivolumab""]",[],[],[],true,at_least_two_direct_components_lexically_grounded_in_regimen_name
478,cem,2,0,[],"[""Etoposide"",""Methotrexate""]",[],[],false,fewer_than_two_direct_lexical_components
479,cemiplimab monotherapy,1,0,[],"[""Cemiplimab""]",[],[],false,fewer_than_two_direct_lexical_components
480,ceop,3,0,[],"[""Cyclophosphamide"",""Epirubicin"",""Vincristine""]",[],[],false,fewer_than_two_direct_lexical_components
481,cep,3,0,[],"[""Cisplatin"",""Cyclophosphamide"",""Epirubicin""]",[],[],false,fewer_than_two_direct_lexical_components
482,cepp,3,0,[],"[""Cyclophosphamide"",""Etoposide"",""Procarbazine""]",[],[],false,fewer_than_two_direct_lexical_components
483,cepp(b),4,0,[],"[""Bleomycin"",""Cyclophosphamide"",""Etoposide"",""Procarbazine""]",[],[],false,fewer_than_two_direct_lexical_components
484,ceritinib monotherapy,1,0,[],"[""Ceritinib""]",[],[],false,fewer_than_two_direct_lexical_components
485,cetuximab and rt,1,0,[],"[""Cetuximab""]",[],[],false,fewer_than_two_direct_lexical_components
486,cetuximab monotherapy,1,0,[],"[""Cetuximab""]",[],[],false,fewer_than_two_direct_lexical_components
487,cev (carboplatin/etoposide),4,2,"[""Carboplatin"",""Etoposide""]","[""Cyclophosphamide"",""Vincristine""]",[],[],true,at_least_two_direct_components_lexically_grounded_in_regimen_name
488,cev and rt,3,0,[],"[""Cyclophosphamide"",""Epirubicin"",""Vincristine""]",[],[],false,fewer_than_two_direct_lexical_components
489,cfar,4,0,[],"[""alemtuzumab"",""Cyclophosphamide"",""fludarabine"",""Rituximab""]",[],[],false,fewer_than_two_direct_lexical_components
490,cfl,3,0,[],"[""Cisplatin"",""Fluorouracil"",""folic acid""]",[],[],false,fewer_than_two_direct_lexical_components
491,cfp,2,0,[],"[""Cyclophosphamide"",""Fluorouracil""]",[],[],false,fewer_than_two_direct_lexical_components
492,cfp and bilateral oophorectomy,2,0,[],"[""Cyclophosphamide"",""Fluorouracil""]",[],[],false,fewer_than_two_direct_lexical_components
493,cfpt,3,0,[],"[""Cyclophosphamide"",""Fluorouracil"",""Tamoxifen""]",[],[],false,fewer_than_two_direct_lexical_components
494,cgi,3,0,[],"[""Cisplatin"",""Gemcitabine"",""Ifosfamide""]",[],[],false,fewer_than_two_direct_lexical_components
495,chad,3,0,[],"[""altretamine"",""Cisplatin"",""Cyclophosphamide""]",[],[],false,fewer_than_two_direct_lexical_components
496,chamoca,5,0,[],"[""dactinomycin"",""folic acid"",""Hydroxyurea"",""Methotrexate"",""Vincristine""]",[],[],false,fewer_than_two_direct_lexical_components
497,chd,3,0,[],"[""altretamine"",""Cisplatin"",""Cyclophosphamide""]",[],[],false,fewer_than_two_direct_lexical_components
498,chd-r,4,0,[],"[""altretamine"",""cefixime"",""Cisplatin"",""Cyclophosphamide""]",[],[],false,fewer_than_two_direct_lexical_components
499,chex-up,4,0,[],"[""altretamine"",""Cisplatin"",""Cyclophosphamide"",""Fluorouracil""]",[],[],false,fewer_than_two_direct_lexical_components
500,chf,3,0,[],"[""altretamine"",""Cyclophosphamide"",""Fluorouracil""]",[],[],false,fewer_than_two_direct_lexical_components
501,chidamide monotherapy,0,0,[],[],[],[],false,fewer_than_two_direct_lexical_components
502,chl + pred,1,0,[],"[""Chlorambucil""]",[],[],false,fewer_than_two_direct_lexical_components
503,chlorambucil and cisplatin,2,2,"[""Chlorambucil"",""Cisplatin""]",[],[],[],true,at_least_two_direct_components_lexically_grounded_in_regimen_name
504,chlorambucil and obinutuzumab (gclb),2,2,"[""Chlorambucil"",""Obinutuzumab""]",[],[],[],true,at_least_two_direct_components_lexically_grounded_in_regimen_name
505,chlorambucil and ofatumumab,2,2,"[""Chlorambucil"",""ofatumumab""]",[],[],[],true,at_least_two_direct_components_lexically_grounded_in_regimen_name
506,chlorambucil and prednisolone,1,0,[],"[""Chlorambucil""]",[],[],false,fewer_than_two_direct_lexical_components
507,chlorambucil and prednisone,1,0,[],"[""Chlorambucil""]",[],"[""Prednisone""]",false,explicit_curated_component_missing_from_uotd_links
508,chlorambucil and rituximab (rclb),2,2,"[""Chlorambucil"",""Rituximab""]",[],[],[],true,at_least_two_direct_components_lexically_grounded_in_regimen_name
509,chlorambucil monotherapy,1,0,[],"[""Chlorambucil""]",[],[],false,fewer_than_two_direct_lexical_components
510,"chlorambucil, dactinomycin, methotrexate",3,3,"[""Chlorambucil"",""dactinomycin"",""Methotrexate""]",[],[],[],true,at_least_two_direct_components_lexically_grounded_in_regimen_name
511,chlvpp,2,0,[],"[""Chlorambucil"",""Procarbazine""]",[],[],false,fewer_than_two_direct_lexical_components
512,chlvpp/eva,4,0,[],"[""Chlorambucil"",""Etoposide"",""Procarbazine"",""Vincristine""]",[],[],false,fewer_than_two_direct_lexical_components
513,chlvpp/pabioe,5,0,[],"[""Bleomycin"",""Chlorambucil"",""Etoposide"",""Procarbazine"",""Vincristine""]",[],[],false,fewer_than_two_direct_lexical_components
514,chob,3,0,[],"[""Bleomycin"",""Cyclophosphamide"",""Vincristine""]",[],[],false,fewer_than_two_direct_lexical_components
515,choep-14,3,0,[],"[""Cyclophosphamide"",""Etoposide"",""Vincristine""]",[],[],false,fewer_than_two_direct_lexical_components
516,chop,2,0,[],"[""Cyclophosphamide"",""Vincristine""]",[],[],false,fewer_than_two_direct_lexical_components
517,chop and everolimus,3,0,[],"[""Cyclophosphamide"",""Everolimus"",""Vincristine""]",[],[],false,fewer_than_two_direct_lexical_components
518,chop modified,2,0,[],"[""Cyclophosphamide"",""Vincristine""]",[],[],false,fewer_than_two_direct_lexical_components
519,"chop, then 131iodine-tositumomab",2,0,[],"[""Cyclophosphamide"",""Vincristine""]",[],[],false,fewer_than_two_direct_lexical_components
520,chop-14,2,0,[],"[""Cyclophosphamide"",""Vincristine""]",[],[],false,fewer_than_two_direct_lexical_components
521,chop-b,3,0,[],"[""Bleomycin"",""Cyclophosphamide"",""Vincristine""]",[],[],false,fewer_than_two_direct_lexical_components
522,chop-bcg,3,0,[],"[""bcg, live, tice strain"",""Cyclophosphamide"",""Vincristine""]",[],[],false,fewer_than_two_direct_lexical_components
523,chor,3,0,[],"[""cefixime"",""Cyclophosphamide"",""Vincristine""]",[],[],false,fewer_than_two_direct_lexical_components
524,chut,2,0,[],"[""Cyclophosphamide"",""thiotepa""]",[],[],false,fewer_than_two_direct_lexical_components
525,chvmp-vb,4,0,[],"[""Bleomycin"",""Cyclophosphamide"",""teniposide"",""Vincristine""]",[],[],false,fewer_than_two_direct_lexical_components
526,chvp,2,0,[],"[""Cyclophosphamide"",""teniposide""]",[],[],false,fewer_than_two_direct_lexical_components
527,chvp-i,5,0,[],"[""Cyclophosphamide"",""Etoposide"",""interferon alfa-2a"",""interferon gamma-1b"",""teniposide""]",[],[],false,fewer_than_two_direct_lexical_components
528,cia,4,0,[],"[""clofarabine"",""Idarubicin"",""Ifosfamide"",""Lomustine""]",[],[],false,fewer_than_two_direct_lexical_components
529,ciltacabtagene autoleucel monotherapy,1,0,[],"[""ciltacabtagene autoleucel""]",[],[],false,fewer_than_two_direct_lexical_components
530,cim,3,0,[],"[""Cisplatin"",""Ifosfamide"",""Mesna""]",[],[],false,fewer_than_two_direct_lexical_components
531,cisca,2,0,[],"[""Cisplatin"",""Cyclophosphamide""]",[],[],false,fewer_than_two_direct_lexical_components
532,cisca/vb,3,0,[],"[""Bleomycin"",""Cisplatin"",""Cyclophosphamide""]",[],[],false,fewer_than_two_direct_lexical_components
533,ciscaii/bviv,3,0,[],"[""Bleomycin"",""Cisplatin"",""Cyclophosphamide""]",[],[],false,fewer_than_two_direct_lexical_components
534,cisplatin and bevacizumab,2,2,"[""Bevacizumab"",""Cisplatin""]",[],[],[],true,at_least_two_direct_components_lexically_grounded_in_regimen_name
535,cisplatin and cetuximab,2,2,"[""Cetuximab"",""Cisplatin""]",[],[],[],true,at_least_two_direct_components_lexically_grounded_in_regimen_name
536,cisplatin and dacarbazine,2,2,"[""Cisplatin"",""Dacarbazine""]",[],[],[],true,at_least_two_direct_components_lexically_grounded_in_regimen_name
537,cisplatin and docetaxel (dc) and durvalumab,3,3,"[""Cisplatin"",""Docetaxel"",""Durvalumab""]",[],[],[],true,at_least_two_direct_components_lexically_grounded_in_regimen_name
538,cisplatin and docetaxel (dc) and nivolumab,3,3,"[""Cisplatin"",""Docetaxel"",""Nivolumab""]",[],[],[],true,at_least_two_direct_components_lexically_grounded_in_regimen_name
539,cisplatin and epirubicin,2,2,"[""Cisplatin"",""Epirubicin""]",[],[],[],true,at_least_two_direct_components_lexically_grounded_in_regimen_name
540,cisplatin and etoposide (ep) and bevacizumab,3,3,"[""Bevacizumab"",""Cisplatin"",""Etoposide""]",[],[],[],true,at_least_two_direct_components_lexically_grounded_in_regimen_name
541,cisplatin and etoposide (ep) and durvalumab,3,3,"[""Cisplatin"",""Durvalumab"",""Etoposide""]",[],[],[],true,at_least_two_direct_components_lexically_grounded_in_regimen_name
542,cisplatin and etoposide (ep) and pembrolizumab,3,3,"[""Cisplatin"",""Etoposide"",""Pembrolizumab""]",[],[],[],true,at_least_two_direct_components_lexically_grounded_in_regimen_name
543,cisplatin and fluorouracil (cf),6,2,"[""Cisplatin"",""Fluorouracil""]","[""Cyclophosphamide"",""fludarabine"",""lymphocyte immune globulin, anti-thymocyte globulin"",""Melphalan""]",[],[],true,at_least_two_direct_components_lexically_grounded_in_regimen_name
544,cisplatin and fluorouracil (cf) and cetuximab,3,3,"[""Cetuximab"",""Cisplatin"",""Fluorouracil""]",[],[],[],true,at_least_two_direct_components_lexically_grounded_in_regimen_name
545,"cisplatin and fluorouracil (cf) and hydroxyurea, rt",3,3,"[""Cisplatin"",""Fluorouracil"",""Hydroxyurea""]",[],[],[],true,at_least_two_direct_components_lexically_grounded_in_regimen_name
546,cisplatin and fluorouracil (cf) and nivolumab,3,3,"[""Cisplatin"",""Fluorouracil"",""Nivolumab""]",[],[],[],true,at_least_two_direct_components_lexically_grounded_in_regimen_name
547,cisplatin and fluorouracil (cf) and panitumumab,3,3,"[""Cisplatin"",""Fluorouracil"",""Panitumumab""]",[],[],[],true,at_least_two_direct_components_lexically_grounded_in_regimen_name
548,cisplatin and fluorouracil (cf) and pembrolizumab,3,3,"[""Cisplatin"",""Fluorouracil"",""Pembrolizumab""]",[],[],[],true,at_least_two_direct_components_lexically_grounded_in_regimen_name
549,cisplatin and fluorouracil (cf) and rt,2,2,"[""Cisplatin"",""Fluorouracil""]",[],[],[],true,at_least_two_direct_components_lexically_grounded_in_regimen_name
550,cisplatin and fluorouracil (cf) and sintilimab,1,0,[],"[""Cisplatin""]",[],"[""Fluorouracil""]",false,explicit_curated_component_missing_from_uotd_links
551,cisplatin and fluorouracil (cf) and sugemalimab,2,2,"[""Cisplatin"",""Fluorouracil""]",[],[],[],true,at_least_two_direct_components_lexically_grounded_in_regimen_name
552,cisplatin and fluorouracil (cf) and tislelizumab,3,3,"[""Cisplatin"",""Fluorouracil"",""tislelizumab""]",[],[],[],true,at_least_two_direct_components_lexically_grounded_in_regimen_name
553,cisplatin and fluorouracil (cf) and trastuzumab,3,3,"[""Cisplatin"",""Fluorouracil"",""Trastuzumab""]",[],[],[],true,at_least_two_direct_components_lexically_grounded_in_regimen_name
554,cisplatin and fluorouracil (cf) and vincristine,3,3,"[""Cisplatin"",""Fluorouracil"",""Vincristine""]",[],[],[],true,at_least_two_direct_components_lexically_grounded_in_regimen_name
555,"cisplatin and fluorouracil (cf), pembrolizumab, trastuzumab",4,4,"[""Cisplatin"",""Fluorouracil"",""Pembrolizumab"",""Trastuzumab""]",[],[],[],true,at_least_two_direct_components_lexically_grounded_in_regimen_name
556,cisplatin and gemcitabine (gc) and atezolizumab,3,3,"[""Atezolizumab"",""Cisplatin"",""Gemcitabine""]",[],[],[],true,at_least_two_direct_components_lexically_grounded_in_regimen_name
557,cisplatin and gemcitabine (gc) and camrelizumab,2,2,"[""Cisplatin"",""Gemcitabine""]",[],[],[],true,at_least_two_direct_components_lexically_grounded_in_regimen_name
558,cisplatin and gemcitabine (gc) and cetuximab,3,3,"[""Cetuximab"",""Cisplatin"",""Gemcitabine""]",[],[],[],true,at_least_two_direct_components_lexically_grounded_in_regimen_name
559,cisplatin and gemcitabine (gc) and durvalumab,3,3,"[""Cisplatin"",""Durvalumab"",""Gemcitabine""]",[],[],[],true,at_least_two_direct_components_lexically_grounded_in_regimen_name
560,cisplatin and gemcitabine (gc) and nab-paclitaxel,3,0,[],"[""Cisplatin"",""Gemcitabine"",""Paclitaxel""]",[],"[""Nab-Paclitaxel""]",false,explicit_curated_component_missing_from_uotd_links
561,cisplatin and gemcitabine (gc) and necitumumab,3,3,"[""Cisplatin"",""Gemcitabine"",""necitumumab""]",[],[],[],true,at_least_two_direct_components_lexically_grounded_in_regimen_name
562,cisplatin and gemcitabine (gc) and nivolumab,3,3,"[""Cisplatin"",""Gemcitabine"",""Nivolumab""]",[],[],[],true,at_least_two_direct_components_lexically_grounded_in_regimen_name
563,cisplatin and gemcitabine (gc) and pembrolizumab,3,3,"[""Cisplatin"",""Gemcitabine"",""Pembrolizumab""]",[],[],[],true,at_least_two_direct_components_lexically_grounded_in_regimen_name
564,cisplatin and gemcitabine (gc) and rt,2,2,"[""Cisplatin"",""Gemcitabine""]",[],[],[],true,at_least_two_direct_components_lexically_grounded_in_regimen_name
565,cisplatin and gemcitabine (gc) and toripalimab,3,3,"[""Cisplatin"",""Gemcitabine"",""toripalimab""]",[],[],[],true,at_least_two_direct_components_lexically_grounded_in_regimen_name
566,cisplatin and gemcitabine/erlotinib,3,3,"[""Cisplatin"",""Erlotinib"",""Gemcitabine""]",[],[],[],true,at_least_two_direct_components_lexically_grounded_in_regimen_name
567,cisplatin and ifosfamide,2,2,"[""Cisplatin"",""Ifosfamide""]",[],[],[],true,at_least_two_direct_components_lexically_grounded_in_regimen_name
568,cisplatin and methotrexate,2,2,"[""Cisplatin"",""Methotrexate""]",[],[],[],true,at_least_two_direct_components_lexically_grounded_in_regimen_name
569,cisplatin and mitomycin,2,2,"[""Cisplatin"",""Mitomycin""]",[],[],[],true,at_least_two_direct_components_lexically_grounded_in_regimen_name
570,cisplatin and mitotane,2,2,"[""Cisplatin"",""mitotane""]",[],[],[],true,at_least_two_direct_components_lexically_grounded_in_regimen_name
571,cisplatin and pemetrexed,2,2,"[""Cisplatin"",""Pemetrexed""]",[],[],[],true,at_least_two_direct_components_lexically_grounded_in_regimen_name
572,cisplatin and raltitrexed,2,2,"[""Cisplatin"",""raltitrexed""]",[],[],[],true,at_least_two_direct_components_lexically_grounded_in_regimen_name
573,cisplatin and rt,1,0,[],"[""Cisplatin""]",[],[],false,fewer_than_two_direct_lexical_components
574,cisplatin and s-1,1,0,[],"[""Cisplatin""]",[],[],false,fewer_than_two_direct_lexical_components
575,cisplatin and temozolomide,2,2,"[""Cisplatin"",""Temozolomide""]",[],[],[],true,at_least_two_direct_components_lexically_grounded_in_regimen_name
576,cisplatin and vinorelbine (cvb) and nivolumab,3,3,"[""Cisplatin"",""Nivolumab"",""Vinorelbine""]",[],[],[],true,at_least_two_direct_components_lexically_grounded_in_regimen_name
577,cisplatin monotherapy,1,0,[],"[""Cisplatin""]",[],[],false,fewer_than_two_direct_lexical_components
578,"cisplatin, cetuximab, rt",2,2,"[""Cetuximab"",""Cisplatin""]",[],[],[],true,at_least_two_direct_components_lexically_grounded_in_regimen_name
579,"cisplatin, cyclophosphamide, interferon gamma-1b",3,3,"[""Cisplatin"",""Cyclophosphamide"",""interferon gamma-1b""]",[],[],[],true,at_least_two_direct_components_lexically_grounded_in_regimen_name
580,"cisplatin, dacarbazine, il-2, ifn alfa-2b plus /- carmustine",5,3,"[""Carmustine"",""Cisplatin"",""Dacarbazine""]","[""aldesleukin"",""interferon gamma-1b""]",[],[],true,at_least_two_direct_components_lexically_grounded_in_regimen_name
581,"cisplatin, dacarbazine, interferon alfa-2b",3,2,"[""Cisplatin"",""Dacarbazine""]","[""interferon gamma-1b""]",[],[],true,at_least_two_direct_components_lexically_grounded_in_regimen_name
582,"cisplatin, dacarbazine, paclitaxel",3,3,"[""Cisplatin"",""Dacarbazine"",""Paclitaxel""]",[],[],[],true,at_least_two_direct_components_lexically_grounded_in_regimen_name
583,"cisplatin, dacarbazine, tamoxifen",3,3,"[""Cisplatin"",""Dacarbazine"",""Tamoxifen""]",[],[],[],true,at_least_two_direct_components_lexically_grounded_in_regimen_name
584,"cisplatin, docetaxel, rt",2,2,"[""Cisplatin"",""Docetaxel""]",[],[],[],true,at_least_two_direct_components_lexically_grounded_in_regimen_name
585,"cisplatin, doxorubicin, paclitaxel",2,0,[],"[""Cisplatin"",""Paclitaxel""]",[],"[""Doxorubicin""]",false,explicit_curated_component_missing_from_uotd_links
586,"cisplatin, epirubicin, ifosfamide",3,3,"[""Cisplatin"",""Epirubicin"",""Ifosfamide""]",[],[],[],true,at_least_two_direct_components_lexically_grounded_in_regimen_name
587,"cisplatin, etoposide, irinotecan",3,3,"[""Cisplatin"",""Etoposide"",""Irinotecan""]",[],[],[],true,at_least_two_direct_components_lexically_grounded_in_regimen_name
588,"cisplatin, gefitinib, pemetrexed",3,3,"[""Cisplatin"",""Gefitinib"",""Pemetrexed""]",[],[],[],true,at_least_two_direct_components_lexically_grounded_in_regimen_name
589,"cisplatin, interferon alfa-2a, isotretinoin",3,3,"[""Cisplatin"",""interferon alfa-2a"",""isotretinoin""]",[],[],[],true,at_least_two_direct_components_lexically_grounded_in_regimen_name
590,"cisplatin, irinotecan, rt",2,2,"[""Cisplatin"",""Irinotecan""]",[],[],[],true,at_least_two_direct_components_lexically_grounded_in_regimen_name
591,"cisplatin, osimertinib, pemetrexed",3,3,"[""Cisplatin"",""Osimertinib"",""Pemetrexed""]",[],[],[],true,at_least_two_direct_components_lexically_grounded_in_regimen_name
592,"cisplatin, paclitaxel, atezolizumab, bevacizumab",4,4,"[""Atezolizumab"",""Bevacizumab"",""Cisplatin"",""Paclitaxel""]",[],[],[],true,at_least_two_direct_components_lexically_grounded_in_regimen_name
593,"cisplatin, paclitaxel, bevacizumab",3,3,"[""Bevacizumab"",""Cisplatin"",""Paclitaxel""]",[],[],[],true,at_least_two_direct_components_lexically_grounded_in_regimen_name
594,"cisplatin, paclitaxel, bevacizumab, pembrolizumab",4,4,"[""Bevacizumab"",""Cisplatin"",""Paclitaxel"",""Pembrolizumab""]",[],[],[],true,at_least_two_direct_components_lexically_grounded_in_regimen_name
595,"cisplatin, paclitaxel, camrelizumab",2,2,"[""Cisplatin"",""Paclitaxel""]",[],[],[],true,at_least_two_direct_components_lexically_grounded_in_regimen_name
596,"cisplatin, paclitaxel, cemiplimab",3,3,"[""Cemiplimab"",""Cisplatin"",""Paclitaxel""]",[],[],[],true,at_least_two_direct_components_lexically_grounded_in_regimen_name
597,"cisplatin, paclitaxel, pembrolizumab",3,3,"[""Cisplatin"",""Paclitaxel"",""Pembrolizumab""]",[],[],[],true,at_least_two_direct_components_lexically_grounded_in_regimen_name
598,"cisplatin, paclitaxel, sintilimab",2,2,"[""Cisplatin"",""Paclitaxel""]",[],[],[],true,at_least_two_direct_components_lexically_grounded_in_regimen_name
599,"cisplatin, paclitaxel, tislelizumab",3,3,"[""Cisplatin"",""Paclitaxel"",""tislelizumab""]",[],[],[],true,at_least_two_direct_components_lexically_grounded_in_regimen_name
600,"cisplatin, paclitaxel, toripalimab",3,3,"[""Cisplatin"",""Paclitaxel"",""toripalimab""]",[],[],[],true,at_least_two_direct_components_lexically_grounded_in_regimen_name
601,"cisplatin, pemetrexed, cemiplimab",3,3,"[""Cemiplimab"",""Cisplatin"",""Pemetrexed""]",[],[],[],true,at_least_two_direct_components_lexically_grounded_in_regimen_name
602,"cisplatin, pemetrexed, durvalumab",3,3,"[""Cisplatin"",""Durvalumab"",""Pemetrexed""]",[],[],[],true,at_least_two_direct_components_lexically_grounded_in_regimen_name
603,"cisplatin, pemetrexed, ipilimumab, nivolumab",4,4,"[""Cisplatin"",""Ipilimumab"",""Nivolumab"",""Pemetrexed""]",[],[],[],true,at_least_two_direct_components_lexically_grounded_in_regimen_name
604,"cisplatin, pemetrexed, nivolumab",3,3,"[""Cisplatin"",""Nivolumab"",""Pemetrexed""]",[],[],[],true,at_least_two_direct_components_lexically_grounded_in_regimen_name
605,"cisplatin, pemetrexed, pembrolizumab",3,3,"[""Cisplatin"",""Pembrolizumab"",""Pemetrexed""]",[],[],[],true,at_least_two_direct_components_lexically_grounded_in_regimen_name
606,"cisplatin, pemetrexed, rt",2,2,"[""Cisplatin"",""Pemetrexed""]",[],[],[],true,at_least_two_direct_components_lexically_grounded_in_regimen_name
607,"cisplatin, pemetrexed, sintilimab",2,2,"[""Cisplatin"",""Pemetrexed""]",[],[],[],true,at_least_two_direct_components_lexically_grounded_in_regimen_name
608,"cisplatin, pemetrexed, tislelizumab",3,3,"[""Cisplatin"",""Pemetrexed"",""tislelizumab""]",[],[],[],true,at_least_two_direct_components_lexically_grounded_in_regimen_name
609,"cisplatin, pemetrexed, ttfields",2,2,"[""Cisplatin"",""Pemetrexed""]",[],[],[],true,at_least_two_direct_components_lexically_grounded_in_regimen_name
610,"cisplatin, vinblastine, rt",1,0,[],"[""Cisplatin""]",[],"[""Vinblastine""]",false,explicit_curated_component_missing_from_uotd_links
611,"cisplatin, vinorelbine, cetuximab",3,3,"[""Cetuximab"",""Cisplatin"",""Vinorelbine""]",[],[],[],true,at_least_two_direct_components_lexically_grounded_in_regimen_name
612,"cisplatin, vinorelbine, rt",2,2,"[""Cisplatin"",""Vinorelbine""]",[],[],[],true,at_least_two_direct_components_lexically_grounded_in_regimen_name
613,cladribine and cytarabine,1,0,[],"[""cladribine""]",[],"[""Cytarabine""]",false,explicit_curated_component_missing_from_uotd_links
614,cladribine and prednisone,1,0,[],"[""cladribine""]",[],"[""Prednisone""]",false,explicit_curated_component_missing_from_uotd_links
615,cladribine and rituximab,2,2,"[""cladribine"",""Rituximab""]",[],[],[],true,at_least_two_direct_components_lexically_grounded_in_regimen_name
616,cladribine monotherapy,1,0,[],"[""cladribine""]",[],[],false,fewer_than_two_direct_lexical_components
617,clag,2,0,[],"[""cladribine"",""Filgrastim""]",[],[],false,fewer_than_two_direct_lexical_components
618,clag-m,3,0,[],"[""cladribine"",""Filgrastim"",""mitoxantrone""]",[],[],false,fewer_than_two_direct_lexical_components
619,clara,2,0,[],"[""clofarabine"",""Filgrastim""]",[],[],false,fewer_than_two_direct_lexical_components
620,clarithromycin monotherapy,1,0,[],"[""clarithromycin""]",[],[],false,fewer_than_two_direct_lexical_components
621,"clarithromycin, metronidzole, ppi",3,0,[],"[""clarithromycin"",""metronidazole"",""Omeprazole""]",[],[],false,fewer_than_two_direct_lexical_components
622,"clarithromycin, tetracycline, ppi, bismuth",3,2,"[""clarithromycin"",""tetracycline""]","[""Omeprazole""]",[],[],true,at_least_two_direct_components_lexically_grounded_in_regimen_name
623,clf,3,0,[],"[""Cisplatin"",""Fluorouracil"",""folic acid""]",[],[],false,fewer_than_two_direct_lexical_components
624,clofarabine and cytarabine,1,0,[],"[""clofarabine""]",[],"[""Cytarabine""]",false,explicit_curated_component_missing_from_uotd_links
625,clofarabine and lodac,1,0,[],"[""clofarabine""]",[],[],false,fewer_than_two_direct_lexical_components
626,clofarabine and lodac/decitabine,2,2,"[""clofarabine"",""Decitabine""]",[],[],[],true,at_least_two_direct_components_lexically_grounded_in_regimen_name
627,clofarabine and melphalan,2,2,"[""clofarabine"",""Melphalan""]",[],[],[],true,at_least_two_direct_components_lexically_grounded_in_regimen_name
628,"clofarabine and melphalan, then allo hsct",2,2,"[""clofarabine"",""Melphalan""]",[],[],[],true,at_least_two_direct_components_lexically_grounded_in_regimen_name
629,clofarabine monotherapy,1,0,[],"[""clofarabine""]",[],[],false,fewer_than_two_direct_lexical_components
630,cmc,3,0,[],"[""cladribine"",""Cyclophosphamide"",""mitoxantrone""]",[],[],false,fewer_than_two_direct_lexical_components
631,cmc-vap,5,0,[],"[""Cyclophosphamide"",""Lomustine"",""Methotrexate"",""Procarbazine"",""Vincristine""]",[],[],false,fewer_than_two_direct_lexical_components
632,cmed,3,0,[],"[""Cyclophosphamide"",""Etoposide"",""Methotrexate""]",[],[],false,fewer_than_two_direct_lexical_components
633,cmf,3,0,[],"[""Cyclophosphamide"",""Fluorouracil"",""Methotrexate""]",[],[],false,fewer_than_two_direct_lexical_components
634,cmf and h,4,0,[],"[""Cyclophosphamide"",""Fluorouracil"",""Methotrexate"",""Trastuzumab""]",[],[],false,fewer_than_two_direct_lexical_components
635,cmf-e,4,0,[],"[""Cyclophosphamide"",""Epirubicin"",""Fluorouracil"",""Methotrexate""]",[],[],false,fewer_than_two_direct_lexical_components
636,cmf-flu,3,0,[],"[""Cyclophosphamide"",""Fluorouracil"",""Methotrexate""]",[],[],false,fewer_than_two_direct_lexical_components
637,cmf-h,4,0,[],"[""Cyclophosphamide"",""Fluorouracil"",""Methotrexate"",""Trastuzumab""]",[],[],false,fewer_than_two_direct_lexical_components
638,cmfh,4,0,[],"[""Cyclophosphamide"",""Fluorouracil"",""Hydroxyurea"",""Methotrexate""]",[],[],false,fewer_than_two_direct_lexical_components
639,cmfp,3,0,[],"[""Cyclophosphamide"",""Fluorouracil"",""Methotrexate""]",[],[],false,fewer_than_two_direct_lexical_components
640,cmfp-va,4,0,[],"[""Cyclophosphamide"",""Fluorouracil"",""Methotrexate"",""Vincristine""]",[],[],false,fewer_than_two_direct_lexical_components
641,cmfpt,4,0,[],"[""Cyclophosphamide"",""Fluorouracil"",""Methotrexate"",""Tamoxifen""]",[],[],false,fewer_than_two_direct_lexical_components
642,cmfpth,4,0,[],"[""Cyclophosphamide"",""Fluorouracil"",""Methotrexate"",""Tamoxifen""]",[],[],false,fewer_than_two_direct_lexical_components
643,cmft,4,0,[],"[""Cyclophosphamide"",""Fluorouracil"",""Methotrexate"",""Tamoxifen""]",[],[],false,fewer_than_two_direct_lexical_components
644,cmfv,4,0,[],"[""Cyclophosphamide"",""Fluorouracil"",""Methotrexate"",""Vincristine""]",[],[],false,fewer_than_two_direct_lexical_components
645,cmfvat,5,0,[],"[""atovaquone"",""Cyclophosphamide"",""Fluorouracil"",""Methotrexate"",""Vincristine""]",[],[],false,fewer_than_two_direct_lexical_components
646,cmfvp,4,0,[],"[""Cyclophosphamide"",""Fluorouracil"",""Methotrexate"",""Vincristine""]",[],[],false,fewer_than_two_direct_lexical_components
647,cmh,2,0,[],"[""Cyclophosphamide"",""Hydroxyurea""]",[],[],false,fewer_than_two_direct_lexical_components
648,cnop,3,0,[],"[""Cyclophosphamide"",""mitoxantrone"",""Vincristine""]",[],[],false,fewer_than_two_direct_lexical_components
649,coap-bleo,3,0,[],"[""Bleomycin"",""Cyclophosphamide"",""Vincristine""]",[],[],false,fewer_than_two_direct_lexical_components
650,cobimetinib and vemurafenib,2,2,"[""Cobimetinib"",""Vemurafenib""]",[],[],[],true,at_least_two_direct_components_lexically_grounded_in_regimen_name
651,cobimetinib monotherapy,1,0,[],"[""Cobimetinib""]",[],[],false,fewer_than_two_direct_lexical_components
652,"cobimetinib, vemurafenib, atezolizumab",3,3,"[""Atezolizumab"",""Cobimetinib"",""Vemurafenib""]",[],[],[],true,at_least_two_direct_components_lexically_grounded_in_regimen_name
653,cobmam,4,0,[],"[""Bleomycin"",""Cyclophosphamide"",""Methotrexate"",""Vincristine""]",[],[],false,fewer_than_two_direct_lexical_components
654,codox,4,0,[],"[""Cyclophosphamide"",""folic acid"",""Methotrexate"",""Vincristine""]",[],[],false,fewer_than_two_direct_lexical_components
655,codox-m,3,0,[],"[""Cyclophosphamide"",""Methotrexate"",""Vincristine""]",[],[],false,fewer_than_two_direct_lexical_components
656,codox-m/ivac,5,0,[],"[""Cyclophosphamide"",""Etoposide"",""Ifosfamide"",""Methotrexate"",""Vincristine""]",[],[],false,fewer_than_two_direct_lexical_components
657,cog a3961 protocol,3,0,[],"[""Carboplatin"",""Cyclophosphamide"",""Etoposide""]",[],[],false,fewer_than_two_direct_lexical_components
658,cog a3973 with myeloablative therapy,7,0,[],"[""Carboplatin"",""Cisplatin"",""Cyclophosphamide"",""Etoposide"",""isotretinoin"",""Melphalan"",""Vincristine""]",[],[],false,fewer_than_two_direct_lexical_components
659,cog a3973 without myeloablative therapy,6,0,[],"[""Cisplatin"",""Cyclophosphamide"",""Etoposide"",""isotretinoin"",""Topotecan"",""Vincristine""]",[],[],false,fewer_than_two_direct_lexical_components
660,cog a9961 regimen,3,0,[],"[""Cisplatin"",""Lomustine"",""Vincristine""]",[],[],false,fewer_than_two_direct_lexical_components
661,cog aall0434 protocol,7,0,[],"[""Cyclophosphamide"",""Mercaptopurine"",""Methotrexate"",""nelarabine"",""pegaspargase"",""Thioguanine"",""Vincristine""]",[],[],false,fewer_than_two_direct_lexical_components
662,cog aall0932 protocol for standard-risk,6,0,[],"[""Cyclophosphamide"",""Mercaptopurine"",""Methotrexate"",""pegaspargase"",""Thioguanine"",""Vincristine""]",[],[],false,fewer_than_two_direct_lexical_components
663,cog aall1131 protocol,2,0,[],"[""pegaspargase"",""Vincristine""]",[],[],false,fewer_than_two_direct_lexical_components
664,cog aall1131 protocol for ds hr b-all,6,0,[],"[""Cyclophosphamide"",""Mercaptopurine"",""Methotrexate"",""pegaspargase"",""Thioguanine"",""Vincristine""]",[],[],false,fewer_than_two_direct_lexical_components
665,cog aall1131 protocol for hr b-all,6,0,[],"[""Cyclophosphamide"",""Mercaptopurine"",""Methotrexate"",""pegaspargase"",""Thioguanine"",""Vincristine""]",[],[],false,fewer_than_two_direct_lexical_components
666,cog aall1131 protocol for ph-like b-all (dasatinib arm),7,0,[],"[""Cyclophosphamide"",""Dasatinib"",""Mercaptopurine"",""Methotrexate"",""pegaspargase"",""Thioguanine"",""Vincristine""]",[],[],false,fewer_than_two_direct_lexical_components
667,cog aall1131 protocol for vhr b-all,6,0,[],"[""Cyclophosphamide"",""Mercaptopurine"",""Methotrexate"",""pegaspargase"",""Thioguanine"",""Vincristine""]",[],[],false,fewer_than_two_direct_lexical_components
668,cog aall1231 protocol arm a,8,0,[],"[""Cyclophosphamide"",""Etoposide"",""Ifosfamide"",""Mercaptopurine"",""Methotrexate"",""pegaspargase"",""Thioguanine"",""Vincristine""]",[],[],false,fewer_than_two_direct_lexical_components
669,cog aaml0531 arm b (gemtuzumab),14,0,[],"[""Asparaginase"",""Cisplatin"",""Cyclophosphamide"",""dactinomycin"",""Etoposide"",""gemtuzumab ozogamicin"",""Ifosfamide"",""Irinotecan"",""Methotrexate"",""mitoxantrone"",""Sorafenib"",""Temsirolimus"",""Vincristine"",""Vinorelbine""]",[],[],false,fewer_than_two_direct_lexical_components
670,cog aaml1421 protocol,3,0,[],"[""cytarabine / daunorubicin"",""Filgrastim"",""fludarabine""]",[],[],false,fewer_than_two_direct_lexical_components
671,cog acns0331 reduced dose csrt with reduced volume boost to tumor bed,4,0,[],"[""Cisplatin"",""Cyclophosphamide"",""Lomustine"",""Vincristine""]",[],[],false,fewer_than_two_direct_lexical_components
672,cog acns0331 reduced dose csrt with standard volume boost,4,0,[],"[""Cisplatin"",""Cyclophosphamide"",""Lomustine"",""Vincristine""]",[],[],false,fewer_than_two_direct_lexical_components
673,cog acns0331 standard dose csrt with reduced volume boost to tumor bed,4,0,[],"[""Cisplatin"",""Cyclophosphamide"",""Lomustine"",""Vincristine""]",[],[],false,fewer_than_two_direct_lexical_components
674,cog acns0331 standard dose csrt with standard volume boost,4,0,[],"[""Cisplatin"",""Cyclophosphamide"",""Lomustine"",""Vincristine""]",[],[],false,fewer_than_two_direct_lexical_components
675,cog acns0332 protocol a,3,0,[],"[""Cisplatin"",""Cyclophosphamide"",""Vincristine""]",[],[],false,fewer_than_two_direct_lexical_components
676,cog acns0332 protocol b,4,0,[],"[""Carboplatin"",""Cisplatin"",""Cyclophosphamide"",""Vincristine""]",[],[],false,fewer_than_two_direct_lexical_components
677,cog acns0332 regimen c,3,0,[],"[""Cisplatin"",""Cyclophosphamide"",""Vincristine""]",[],[],false,fewer_than_two_direct_lexical_components
678,cog acns0332 regimen d,4,0,[],"[""Carboplatin"",""Cisplatin"",""Cyclophosphamide"",""Vincristine""]",[],[],false,fewer_than_two_direct_lexical_components
679,cog acns0334 protocol a,6,0,[],"[""Carboplatin"",""Cisplatin"",""Cyclophosphamide"",""Etoposide"",""thiotepa"",""Vincristine""]",[],[],false,fewer_than_two_direct_lexical_components
680,cog acns0334 protocol b,7,0,[],"[""Carboplatin"",""Cisplatin"",""Cyclophosphamide"",""Etoposide"",""Methotrexate"",""thiotepa"",""Vincristine""]",[],[],false,fewer_than_two_direct_lexical_components
681,cog acns1221 protocol,12,0,[],"[""Carboplatin"",""Cisplatin"",""Cyclophosphamide"",""dactinomycin"",""Etoposide"",""Ifosfamide"",""Irinotecan"",""Methotrexate"",""retifanlimab"",""Temozolomide"",""thiotepa"",""Vincristine""]",[],[],false,fewer_than_two_direct_lexical_components
682,cog aews0031 protocol a,4,0,[],"[""Cyclophosphamide"",""Etoposide"",""Ifosfamide"",""Vincristine""]",[],[],false,fewer_than_two_direct_lexical_components
683,cog aews0031 protocol b,4,0,[],"[""Cyclophosphamide"",""Etoposide"",""Ifosfamide"",""Vincristine""]",[],[],false,fewer_than_two_direct_lexical_components
684,cog aews1031 regimen a,4,0,[],"[""Cyclophosphamide"",""Etoposide"",""Ifosfamide"",""Vincristine""]",[],[],false,fewer_than_two_direct_lexical_components
685,cog ahep0731 protocol f,3,0,[],"[""Cisplatin"",""Fluorouracil"",""Vincristine""]",[],[],false,fewer_than_two_direct_lexical_components
686,cog ahep0731 protocol h - non-responders,5,0,[],"[""Cisplatin"",""Fluorouracil"",""Irinotecan"",""Temsirolimus"",""Vincristine""]",[],[],false,fewer_than_two_direct_lexical_components
687,cog ahep0731 protocol h - responders,5,0,[],"[""Cisplatin"",""Fluorouracil"",""Irinotecan"",""Temsirolimus"",""Vincristine""]",[],[],false,fewer_than_two_direct_lexical_components
688,cog ahep0731 protocol t,3,0,[],"[""Cisplatin"",""Fluorouracil"",""Vincristine""]",[],[],false,fewer_than_two_direct_lexical_components
689,cog ahep0731 protocol w,2,0,[],"[""Irinotecan"",""Vincristine""]",[],[],false,fewer_than_two_direct_lexical_components
690,cog anbl 0032 regimen a,1,0,[],"[""isotretinoin""]",[],[],false,fewer_than_two_direct_lexical_components
691,cog anbl0531 group,3,0,[],"[""Carboplatin"",""Cyclophosphamide"",""Etoposide""]",[],[],false,fewer_than_two_direct_lexical_components
692,cog anbl0532 regimen a,8,0,[],"[""Carboplatin"",""Cisplatin"",""Cyclophosphamide"",""Etoposide"",""isotretinoin"",""Melphalan"",""Topotecan"",""Vincristine""]",[],[],false,fewer_than_two_direct_lexical_components
693,cog anbl0532 regimen b,9,0,[],"[""Carboplatin"",""Cisplatin"",""Cyclophosphamide"",""Etoposide"",""isotretinoin"",""Melphalan"",""thiotepa"",""Topotecan"",""Vincristine""]",[],[],false,fewer_than_two_direct_lexical_components
694,cog anbl0931 post-consolidation,3,0,[],"[""aldesleukin"",""dinutuximab"",""isotretinoin""]",[],[],false,fewer_than_two_direct_lexical_components
695,cog anbl17p1 protocol,9,0,[],"[""Cisplatin"",""Cyclophosphamide"",""dinutuximab"",""Etoposide"",""isotretinoin"",""Melphalan"",""thiotepa"",""Topotecan"",""Vincristine""]",[],[],false,fewer_than_two_direct_lexical_components
696,cog anhl12p1 protocol,5,0,[],"[""Brentuximab Vedotin"",""Cyclophosphamide"",""Etoposide"",""Ifosfamide"",""Methotrexate""]",[],[],false,fewer_than_two_direct_lexical_components
697,cog d9602 subgroup a clinical group 1 protocol,2,0,[],"[""dactinomycin"",""Vincristine""]",[],[],false,fewer_than_two_direct_lexical_components
698,cog d9602 subgroup a clinical group 2 protocol,2,0,[],"[""dactinomycin"",""Vincristine""]",[],[],false,fewer_than_two_direct_lexical_components
699,cog d9602 subgroup a clinical group 3 protocol,2,0,[],"[""dactinomycin"",""Vincristine""]",[],[],false,fewer_than_two_direct_lexical_components
700,cog d9602 subgroup b clinical group 1 protocol,3,0,[],"[""Cyclophosphamide"",""dactinomycin"",""Vincristine""]",[],[],false,fewer_than_two_direct_lexical_components
701,cog d9602 subgroup b clinical group 2 protocol,3,0,[],"[""Cyclophosphamide"",""dactinomycin"",""Vincristine""]",[],[],false,fewer_than_two_direct_lexical_components
702,cog d9602 subgroup b clinical group 3 protocol,3,0,[],"[""Cyclophosphamide"",""dactinomycin"",""Vincristine""]",[],[],false,fewer_than_two_direct_lexical_components
703,cog p9641 protocol,3,0,[],"[""Carboplatin"",""Cyclophosphamide"",""Etoposide""]",[],[],false,fewer_than_two_direct_lexical_components
704,coi,3,0,[],"[""Capecitabine"",""Irinotecan"",""Oxaliplatin""]",[],[],false,fewer_than_two_direct_lexical_components
705,cojec,5,0,[],"[""Carboplatin"",""Cisplatin"",""Cyclophosphamide"",""Etoposide"",""Vincristine""]",[],[],false,fewer_than_two_direct_lexical_components
706,colchicine monotherapy,1,0,[],"[""colchicine""]",[],[],false,fewer_than_two_direct_lexical_components
707,coma-a,3,0,[],"[""Cyclophosphamide"",""Methotrexate"",""Vincristine""]",[],[],false,fewer_than_two_direct_lexical_components
708,comet-a,5,0,[],"[""Cyclophosphamide"",""Etoposide"",""folic acid"",""Methotrexate"",""Vincristine""]",[],[],false,fewer_than_two_direct_lexical_components
709,comla,4,0,[],"[""Cyclophosphamide"",""folic acid"",""Methotrexate"",""Vincristine""]",[],[],false,fewer_than_two_direct_lexical_components
710,comp,3,0,[],"[""Cyclophosphamide"",""Methotrexate"",""Vincristine""]",[],[],false,fewer_than_two_direct_lexical_components
711,cop-bleo,3,0,[],"[""Bleomycin"",""Cyclophosphamide"",""Vincristine""]",[],[],false,fewer_than_two_direct_lexical_components
712,copa,2,0,[],"[""Cyclophosphamide"",""Vincristine""]",[],[],false,fewer_than_two_direct_lexical_components
713,copac,3,0,[],"[""Cyclophosphamide"",""Lomustine"",""Vincristine""]",[],[],false,fewer_than_two_direct_lexical_components
714,copad/cyve,3,0,[],"[""Cyclophosphamide"",""Etoposide"",""Vincristine""]",[],[],false,fewer_than_two_direct_lexical_components
715,copadm,4,0,[],"[""Cyclophosphamide"",""folic acid"",""Methotrexate"",""Vincristine""]",[],[],false,fewer_than_two_direct_lexical_components
716,copadri-i,3,0,[],"[""Cyclophosphamide"",""Melphalan"",""Vincristine""]",[],[],false,fewer_than_two_direct_lexical_components
717,copanlisib and rituximab,2,2,"[""copanlisib"",""Rituximab""]",[],[],[],true,at_least_two_direct_components_lexically_grounded_in_regimen_name
718,copanlisib monotherapy,1,0,[],"[""copanlisib""]",[],[],false,fewer_than_two_direct_lexical_components
719,copdac,3,0,[],"[""Cyclophosphamide"",""Dacarbazine"",""Vincristine""]",[],[],false,fewer_than_two_direct_lexical_components
720,cope,4,0,[],"[""Cisplatin"",""Cyclophosphamide"",""Etoposide"",""Vincristine""]",[],[],false,fewer_than_two_direct_lexical_components
721,copp/abvd,5,0,[],"[""Bleomycin"",""Cyclophosphamide"",""Dacarbazine"",""Procarbazine"",""Vincristine""]",[],[],false,fewer_than_two_direct_lexical_components
722,cp-ac,3,0,[],"[""Carboplatin"",""Cyclophosphamide"",""Paclitaxel""]",[],[],false,fewer_than_two_direct_lexical_components
723,cp-ac and pembrolizumab,4,0,[],"[""Carboplatin"",""Cyclophosphamide"",""Paclitaxel"",""Pembrolizumab""]",[],[],false,fewer_than_two_direct_lexical_components
724,cp-ddac,3,0,[],"[""Carboplatin"",""Cyclophosphamide"",""Paclitaxel""]",[],[],false,fewer_than_two_direct_lexical_components
725,cp-ec,4,0,[],"[""Carboplatin"",""Cyclophosphamide"",""Epirubicin"",""Paclitaxel""]",[],[],false,fewer_than_two_direct_lexical_components
726,cp-ec and pembrolizumab,5,0,[],"[""Carboplatin"",""Cyclophosphamide"",""Epirubicin"",""Paclitaxel"",""Pembrolizumab""]",[],[],false,fewer_than_two_direct_lexical_components
727,cpbba,3,0,[],"[""Bleomycin"",""Cyclophosphamide"",""Procarbazine""]",[],[],false,fewer_than_two_direct_lexical_components
728,cpr,2,0,[],"[""Cyclophosphamide"",""Lenalidomide""]",[],[],false,fewer_than_two_direct_lexical_components
729,cpx-351 monotherapy,1,0,[],"[""cytarabine / daunorubicin""]",[],[],false,fewer_than_two_direct_lexical_components
730,crd,3,0,[],"[""Carfilzomib"",""Cyclophosphamide"",""Lenalidomide""]",[],[],false,fewer_than_two_direct_lexical_components
731,crizotinib monotherapy,1,0,[],"[""Crizotinib""]",[],[],false,fewer_than_two_direct_lexical_components
732,crop,2,0,[],"[""Cyclophosphamide"",""Vincristine""]",[],[],false,fewer_than_two_direct_lexical_components
733,cropam,4,0,[],"[""Asparaginase"",""Cyclophosphamide"",""Methotrexate"",""Vincristine""]",[],[],false,fewer_than_two_direct_lexical_components
734,ctcb,3,0,[],"[""Carboplatin"",""Cyclophosphamide"",""thiotepa""]",[],[],false,fewer_than_two_direct_lexical_components
735,ctd,2,0,[],"[""Cyclophosphamide"",""Thalidomide""]",[],[],false,fewer_than_two_direct_lexical_components
736,ctx-plat,2,0,[],"[""Cisplatin"",""Cyclophosphamide""]",[],[],false,fewer_than_two_direct_lexical_components
737,cva-bmp,5,0,[],"[""Carmustine"",""Cyclophosphamide"",""Methotrexate"",""Procarbazine"",""Vincristine""]",[],[],false,fewer_than_two_direct_lexical_components
738,cvad,2,0,[],"[""Cyclophosphamide"",""Vincristine""]",[],[],false,fewer_than_two_direct_lexical_components
739,cvap,2,0,[],"[""Cyclophosphamide"",""Vincristine""]",[],[],false,fewer_than_two_direct_lexical_components
740,cvbd,2,0,[],"[""Bleomycin"",""Lomustine""]",[],[],false,fewer_than_two_direct_lexical_components
741,cvd (vinblastine),5,0,[],"[""Bortezomib"",""Cisplatin"",""Cyclophosphamide"",""Dacarbazine"",""Vincristine""]",[],"[""Vinblastine""]",false,explicit_curated_component_missing_from_uotd_links
742,"cvd, il-2, ifn alfa-2b - sequential biochemotherapy",4,0,[],"[""aldesleukin"",""Cisplatin"",""Dacarbazine"",""interferon gamma-1b""]",[],[],false,fewer_than_two_direct_lexical_components
743,cvdd,2,0,[],"[""Bortezomib"",""Cyclophosphamide""]",[],[],false,fewer_than_two_direct_lexical_components
744,cveb,3,0,[],"[""Bleomycin"",""Cisplatin"",""Etoposide""]",[],[],false,fewer_than_two_direct_lexical_components
745,cvi,3,0,[],"[""Carboplatin"",""Ifosfamide"",""Mesna""]",[],[],false,fewer_than_two_direct_lexical_components
746,cvp,3,0,[],"[""Cyclophosphamide"",""Lomustine"",""Vincristine""]",[],[],false,fewer_than_two_direct_lexical_components
747,"cvp, then 131iodine-tositumomab",2,0,[],"[""Cyclophosphamide"",""Vincristine""]",[],[],false,fewer_than_two_direct_lexical_components
748,cvpp,3,0,[],"[""Cyclophosphamide"",""Lomustine"",""Procarbazine""]",[],[],false,fewer_than_two_direct_lexical_components
749,cybor-d,2,0,[],"[""Bortezomib"",""Cyclophosphamide""]",[],[],false,fewer_than_two_direct_lexical_components
750,cyclone,3,0,[],"[""Carfilzomib"",""Cyclophosphamide"",""Thalidomide""]",[],[],false,fewer_than_two_direct_lexical_components
751,cyclophosphamide and dexamethasone,1,0,[],"[""Cyclophosphamide""]",[],"[""Dexamethasone""]",false,explicit_curated_component_missing_from_uotd_links
752,cyclophosphamide and doxorubicin (ac),1,0,[],"[""Cyclophosphamide""]",[],"[""Doxorubicin""]",false,explicit_curated_component_missing_from_uotd_links
753,cyclophosphamide and doxorubicin (ac) and bevacizumab,2,0,[],"[""Bevacizumab"",""Cyclophosphamide""]",[],"[""Doxorubicin""]",false,explicit_curated_component_missing_from_uotd_links
754,cyclophosphamide and epirubicin (ec) and bevacizumab,3,3,"[""Bevacizumab"",""Cyclophosphamide"",""Epirubicin""]",[],[],[],true,at_least_two_direct_components_lexically_grounded_in_regimen_name
755,cyclophosphamide and etoposide,2,2,"[""Cyclophosphamide"",""Etoposide""]",[],[],[],true,at_least_two_direct_components_lexically_grounded_in_regimen_name
756,cyclophosphamide and g-csf,3,0,[],"[""Cyclophosphamide"",""Filgrastim"",""lenograstim""]",[],[],false,fewer_than_two_direct_lexical_components
757,cyclophosphamide and lomustine,2,2,"[""Cyclophosphamide"",""Lomustine""]",[],[],[],true,at_least_two_direct_components_lexically_grounded_in_regimen_name
758,cyclophosphamide and methotrexate (cm),2,2,"[""Cyclophosphamide"",""Methotrexate""]",[],[],[],true,at_least_two_direct_components_lexically_grounded_in_regimen_name
759,cyclophosphamide and non-pegylated liposomal doxorubicin (mc),2,0,[],"[""Cyclophosphamide"",""mitoxantrone""]",[],"[""Pegylated Liposomal Doxorubicin""]",false,explicit_curated_component_missing_from_uotd_links
760,cyclophosphamide and prednisolone,1,0,[],"[""Cyclophosphamide""]",[],[],false,fewer_than_two_direct_lexical_components
761,cyclophosphamide and tbi,1,0,[],"[""Cyclophosphamide""]",[],[],false,fewer_than_two_direct_lexical_components
762,cyclophosphamide and topotecan,2,2,"[""Cyclophosphamide"",""Topotecan""]",[],[],[],true,at_least_two_direct_components_lexically_grounded_in_regimen_name
763,cyclophosphamide and vincristine,2,2,"[""Cyclophosphamide"",""Vincristine""]",[],[],[],true,at_least_two_direct_components_lexically_grounded_in_regimen_name
764,cyclophosphamide monotherapy,1,0,[],"[""Cyclophosphamide""]",[],[],false,fewer_than_two_direct_lexical_components
765,"cyclophosphamide, cytarabine, mercaptopurine",2,0,[],"[""Cyclophosphamide"",""Mercaptopurine""]",[],"[""Cytarabine""]",false,explicit_curated_component_missing_from_uotd_links
766,"cyclophosphamide, cytarabine, mercaptopurine, nelarabine, pegaspargase, vincristine",5,0,[],"[""Cyclophosphamide"",""Mercaptopurine"",""nelarabine"",""pegaspargase"",""Vincristine""]",[],"[""Cytarabine""]",false,explicit_curated_component_missing_from_uotd_links
767,"cyclophosphamide, cytarabine, mercaptopurine, pegaspargase, vincristine",4,0,[],"[""Cyclophosphamide"",""Mercaptopurine"",""pegaspargase"",""Vincristine""]",[],"[""Cytarabine""]",false,explicit_curated_component_missing_from_uotd_links
768,"cyclophosphamide, cytarabine, pegaspargase, thioguanine, vincristine, dexamethasone",4,0,[],"[""Cyclophosphamide"",""pegaspargase"",""Thioguanine"",""Vincristine""]",[],"[""Cytarabine"",""Dexamethasone""]",false,explicit_curated_component_missing_from_uotd_links
769,"cyclophosphamide, daunorubicin, l-asparaginase, vincristine, prednisone",3,0,[],"[""Asparaginase"",""Cyclophosphamide"",""Vincristine""]",[],"[""Daunorubicin"",""Prednisone""]",false,explicit_curated_component_missing_from_uotd_links
770,"cyclophosphamide, daunorubicin, l-asparaginase, vincristine, prednisone, rituximab",4,0,[],"[""Asparaginase"",""Cyclophosphamide"",""Rituximab"",""Vincristine""]",[],"[""Daunorubicin"",""Prednisone""]",false,explicit_curated_component_missing_from_uotd_links
771,"cyclophosphamide, daunorubicin, vincristine, prednisolone",2,0,[],"[""Cyclophosphamide"",""Vincristine""]",[],"[""Daunorubicin""]",false,explicit_curated_component_missing_from_uotd_links
772,"cyclophosphamide, daunorubicin, vincristine, prednisone",2,0,[],"[""Cyclophosphamide"",""Vincristine""]",[],"[""Daunorubicin"",""Prednisone""]",false,explicit_curated_component_missing_from_uotd_links
773,"cyclophosphamide, etoposide, fludarabine",3,3,"[""Cyclophosphamide"",""Etoposide"",""fludarabine""]",[],[],[],true,at_least_two_direct_components_lexically_grounded_in_regimen_name
774,"cyclophosphamide, etoposide, methotrexate",3,3,"[""Cyclophosphamide"",""Etoposide"",""Methotrexate""]",[],[],[],true,at_least_two_direct_components_lexically_grounded_in_regimen_name
775,"cyclophosphamide, etoposide, tbi",2,2,"[""Cyclophosphamide"",""Etoposide""]",[],[],[],true,at_least_two_direct_components_lexically_grounded_in_regimen_name
776,"cyclophosphamide, fludarabine, thiotepa",3,3,"[""Cyclophosphamide"",""fludarabine"",""thiotepa""]",[],[],[],true,at_least_two_direct_components_lexically_grounded_in_regimen_name
777,"cyclophosphamide, idarubicin, vincristine, prednisone",3,0,[],"[""Cyclophosphamide"",""Idarubicin"",""Vincristine""]",[],"[""Prednisone""]",false,explicit_curated_component_missing_from_uotd_links
778,"cyclophosphamide, lomustine, methotrexate",3,3,"[""Cyclophosphamide"",""Lomustine"",""Methotrexate""]",[],[],[],true,at_least_two_direct_components_lexically_grounded_in_regimen_name
779,"cyclophosphamide, lomustine, procarbazine",3,3,"[""Cyclophosphamide"",""Lomustine"",""Procarbazine""]",[],[],[],true,at_least_two_direct_components_lexically_grounded_in_regimen_name
780,"cyclophosphamide, methotrexate, rt",2,2,"[""Cyclophosphamide"",""Methotrexate""]",[],[],[],true,at_least_two_direct_components_lexically_grounded_in_regimen_name
781,"cyclophosphamide, prednisone, diethylstilbestrol",4,0,[],"[""Carfilzomib"",""Cyclophosphamide"",""diethylstilbestrol"",""Pomalidomide""]",[],"[""Prednisone""]",false,explicit_curated_component_missing_from_uotd_links
782,cyclosporine and mycophenolate mofetil,2,2,"[""cyclosporine"",""mycophenolate mofetil""]",[],[],[],true,at_least_two_direct_components_lexically_grounded_in_regimen_name
783,cyclosporine monotherapy,1,0,[],"[""cyclosporine""]",[],[],false,fewer_than_two_direct_lexical_components
784,"cyclosporine, corticosteroids, rituximab",2,2,"[""cyclosporine"",""Rituximab""]",[],[],[],true,at_least_two_direct_components_lexically_grounded_in_regimen_name
785,"cyclosporine, mycophenolate mofetil, sirolimus",3,3,"[""cyclosporine"",""mycophenolate mofetil"",""sirolimus""]",[],[],[],true,at_least_two_direct_components_lexically_grounded_in_regimen_name
786,cyklone,3,0,[],"[""Carfilzomib"",""Cyclophosphamide"",""Thalidomide""]",[],[],false,fewer_than_two_direct_lexical_components
787,cyproterone acetate monotherapy,1,0,[],"[""cyproterone""]",[],[],false,fewer_than_two_direct_lexical_components
788,cyta bom,3,0,[],"[""folic acid"",""Methotrexate"",""Vincristine""]",[],[],false,fewer_than_two_direct_lexical_components
789,cytabom,3,0,[],"[""Bleomycin"",""mechlorethamine"",""Vincristine""]",[],[],false,fewer_than_two_direct_lexical_components
790,cytarabine and daunorubicin,0,0,[],[],[],"[""Cytarabine"",""Daunorubicin""]",false,explicit_curated_component_missing_from_uotd_links
791,cytarabine and etoposide (cyve),1,0,[],"[""Etoposide""]",[],"[""Cytarabine""]",false,explicit_curated_component_missing_from_uotd_links
792,cytarabine and etoposide (cyve) and g-csf,2,0,[],"[""Etoposide"",""Filgrastim""]",[],"[""Cytarabine""]",false,explicit_curated_component_missing_from_uotd_links
793,cytarabine and g-csf,1,0,[],"[""Filgrastim""]",[],"[""Cytarabine""]",false,explicit_curated_component_missing_from_uotd_links
794,cytarabine and idarubicin,1,0,[],"[""Idarubicin""]",[],"[""Cytarabine""]",false,explicit_curated_component_missing_from_uotd_links
795,"cytarabine and idarubicin, then etoposide and mitoxantrone, then cytarabine, idarubicin, thioguanine",4,0,[],"[""Etoposide"",""Idarubicin"",""mitoxantrone"",""Thioguanine""]",[],"[""Cytarabine""]",false,explicit_curated_component_missing_from_uotd_links
796,"cytarabine and idarubicin, then etoposide and mitoxantrone, then cytarabine, idarubicin, thioguanine, with atra",5,0,[],"[""Etoposide"",""Idarubicin"",""mitoxantrone"",""Thioguanine"",""Tretinoin""]",[],"[""Cytarabine""]",false,explicit_curated_component_missing_from_uotd_links
797,"cytarabine and idarubicin, then mitoxantrone, then cytarabine and idarubicin, with atra",3,0,[],"[""Idarubicin"",""mitoxantrone"",""Tretinoin""]",[],"[""Cytarabine""]",false,explicit_curated_component_missing_from_uotd_links
798,cytarabine and interferon alfa-2b,1,0,[],"[""interferon gamma-1b""]",[],"[""Cytarabine""]",false,explicit_curated_component_missing_from_uotd_links
799,cytarabine and methotrexate (cym),1,0,[],"[""Methotrexate""]",[],"[""Cytarabine""]",false,explicit_curated_component_missing_from_uotd_links
800,cytarabine and thioguanine,1,0,[],"[""Thioguanine""]",[],"[""Cytarabine""]",false,explicit_curated_component_missing_from_uotd_links
801,cytarabine and vosaroxin,0,0,[],[],[],"[""Cytarabine""]",false,explicit_curated_component_missing_from_uotd_links
802,cytarabine monotherapy,0,0,[],[],[],"[""Cytarabine""]",false,explicit_curated_component_missing_from_uotd_links
803,"cytarabine, daunorubicin, gemtuzumab ozogamicin",1,0,[],"[""gemtuzumab ozogamicin""]",[],"[""Cytarabine"",""Daunorubicin""]",false,explicit_curated_component_missing_from_uotd_links
804,"cytarabine, daunorubicin, l-asparaginase, teniposide, vincristine, prednisone",3,0,[],"[""Asparaginase"",""teniposide"",""Vincristine""]",[],"[""Cytarabine"",""Daunorubicin"",""Prednisone""]",false,explicit_curated_component_missing_from_uotd_links
805,"cytarabine, daunorubicin, l-asparaginase, vincristine, dexamethasone",2,0,[],"[""Asparaginase"",""Vincristine""]",[],"[""Cytarabine"",""Daunorubicin"",""Dexamethasone""]",false,explicit_curated_component_missing_from_uotd_links
806,"cytarabine, daunorubicin, mercaptopurine, prednisolone",1,0,[],"[""Mercaptopurine""]",[],"[""Cytarabine"",""Daunorubicin""]",false,explicit_curated_component_missing_from_uotd_links
807,"cytarabine, daunorubicin, vincristine",1,0,[],"[""Vincristine""]",[],"[""Cytarabine"",""Daunorubicin""]",false,explicit_curated_component_missing_from_uotd_links
808,"cytarabine, doxorubicin, vincristine, prednisolone",1,0,[],"[""Vincristine""]",[],"[""Cytarabine"",""Doxorubicin""]",false,explicit_curated_component_missing_from_uotd_links
809,"cytarabine, idarubicin, imatinib",2,0,[],"[""Idarubicin"",""Imatinib""]",[],"[""Cytarabine""]",false,explicit_curated_component_missing_from_uotd_links
810,"cytarabine, idarubicin, rituximab",2,0,[],"[""Idarubicin"",""Rituximab""]",[],"[""Cytarabine""]",false,explicit_curated_component_missing_from_uotd_links
811,"cytarabine, idarubicin, sorafenib",2,0,[],"[""Idarubicin"",""Sorafenib""]",[],"[""Cytarabine""]",false,explicit_curated_component_missing_from_uotd_links
812,"cytarabine, idarubicin, vorinostat",2,0,[],"[""Idarubicin"",""vorinostat""]",[],"[""Cytarabine""]",false,explicit_curated_component_missing_from_uotd_links
813,"cytarabine, ifosfamide, g-csf",2,0,[],"[""Filgrastim"",""Ifosfamide""]",[],"[""Cytarabine""]",false,explicit_curated_component_missing_from_uotd_links
814,"cytarabine, methotrexate, rituximab",2,0,[],"[""Methotrexate"",""Rituximab""]",[],"[""Cytarabine""]",false,explicit_curated_component_missing_from_uotd_links
815,cyvadic,4,0,[],"[""Cyclophosphamide"",""Dacarbazine"",""Methotrexate"",""Vincristine""]",[],[],false,fewer_than_two_direct_lexical_components
816,d-ac,2,0,[],"[""Cyclophosphamide"",""Docetaxel""]",[],[],false,fewer_than_two_direct_lexical_components
817,d-ac plus bev,3,0,[],"[""Bevacizumab"",""Cyclophosphamide"",""Docetaxel""]",[],[],false,fewer_than_two_direct_lexical_components
818,d-ec,3,0,[],"[""Cyclophosphamide"",""Docetaxel"",""Epirubicin""]",[],[],false,fewer_than_two_direct_lexical_components
819,d-fec,4,0,[],"[""Cyclophosphamide"",""Docetaxel"",""Epirubicin"",""Fluorouracil""]",[],[],false,fewer_than_two_direct_lexical_components
820,d-fec plus bev,5,0,[],"[""Bevacizumab"",""Cyclophosphamide"",""Docetaxel"",""Epirubicin"",""Fluorouracil""]",[],[],false,fewer_than_two_direct_lexical_components
821,d-pace,3,0,[],"[""Cisplatin"",""Cyclophosphamide"",""Etoposide""]",[],[],false,fewer_than_two_direct_lexical_components
822,da 3 plus 10,0,0,[],[],[],[],false,fewer_than_two_direct_lexical_components
823,"da 3 plus 10, go",1,0,[],"[""gemtuzumab ozogamicin""]",[],[],false,fewer_than_two_direct_lexical_components
824,da 3 plus 8 and go,1,0,[],"[""gemtuzumab ozogamicin""]",[],[],false,fewer_than_two_direct_lexical_components
825,da-epoch,3,0,[],"[""Cyclophosphamide"",""Etoposide"",""Vincristine""]",[],[],false,fewer_than_two_direct_lexical_components
826,da-r-epoch,4,0,[],"[""Cyclophosphamide"",""Etoposide"",""Rituximab"",""Vincristine""]",[],[],false,fewer_than_two_direct_lexical_components
827,dabigatran monotherapy,1,0,[],"[""dabigatran""]",[],[],false,fewer_than_two_direct_lexical_components
828,dabrafenib and trametinib,2,2,"[""Dabrafenib"",""Trametinib""]",[],[],[],true,at_least_two_direct_components_lexically_grounded_in_regimen_name
829,dabrafenib monotherapy,1,0,[],"[""Dabrafenib""]",[],[],false,fewer_than_two_direct_lexical_components
830,"dabrafenib, trametinib, panitumumab",3,3,"[""Dabrafenib"",""Panitumumab"",""Trametinib""]",[],[],[],true,at_least_two_direct_components_lexically_grounded_in_regimen_name
831,dac,1,0,[],"[""cladribine""]",[],[],false,fewer_than_two_direct_lexical_components
832,dacarbazine and gemcitabine,2,2,"[""Dacarbazine"",""Gemcitabine""]",[],[],[],true,at_least_two_direct_components_lexically_grounded_in_regimen_name
833,dacarbazine and interferon alfa-2a,2,2,"[""Dacarbazine"",""interferon alfa-2a""]",[],[],[],true,at_least_two_direct_components_lexically_grounded_in_regimen_name
834,dacarbazine and ipilimumab,2,2,"[""Dacarbazine"",""Ipilimumab""]",[],[],[],true,at_least_two_direct_components_lexically_grounded_in_regimen_name
835,dacarbazine and tamoxifen,2,2,"[""Dacarbazine"",""Tamoxifen""]",[],[],[],true,at_least_two_direct_components_lexically_grounded_in_regimen_name
836,dacarbazine and vindesine,1,0,[],"[""Dacarbazine""]",[],[],false,fewer_than_two_direct_lexical_components
837,dacarbazine monotherapy,1,0,[],"[""Dacarbazine""]",[],[],false,fewer_than_two_direct_lexical_components
838,dacomitinib monotherapy,1,0,[],"[""dacomitinib""]",[],[],false,fewer_than_two_direct_lexical_components
839,dactinomycin and vincristine,2,2,"[""dactinomycin"",""Vincristine""]",[],[],[],true,at_least_two_direct_components_lexically_grounded_in_regimen_name
840,dactinomycin monotherapy,1,0,[],"[""dactinomycin""]",[],[],false,fewer_than_two_direct_lexical_components
841,dalteparin monotherapy,1,0,[],"[""dalteparin""]",[],[],false,fewer_than_two_direct_lexical_components
842,danaparoid monotherapy,1,0,[],"[""danaparoid""]",[],[],false,fewer_than_two_direct_lexical_components
843,danazol monotherapy,1,0,[],"[""danazol""]",[],[],false,fewer_than_two_direct_lexical_components
844,dap,1,0,[],"[""Cisplatin""]",[],[],false,fewer_than_two_direct_lexical_components
845,dap/tmp,2,0,[],"[""dapsone"",""sulfamethoxazole / trimethoprim""]",[],[],false,fewer_than_two_direct_lexical_components
846,dara-cybord,3,0,[],"[""Bortezomib"",""Cyclophosphamide"",""daratumumab / hyaluronidase""]",[],[],false,fewer_than_two_direct_lexical_components
847,dara-kd,2,0,[],"[""Carfilzomib"",""Daratumumab""]",[],[],false,fewer_than_two_direct_lexical_components
848,dara-krd,3,0,[],"[""Carfilzomib"",""Daratumumab"",""Lenalidomide""]",[],[],false,fewer_than_two_direct_lexical_components
849,dara-pd,4,0,[],"[""Daratumumab"",""daratumumab / hyaluronidase"",""Lenalidomide"",""Pomalidomide""]",[],[],false,fewer_than_two_direct_lexical_components
850,dara-rvd,3,0,[],"[""Bortezomib"",""Daratumumab"",""Lenalidomide""]",[],[],false,fewer_than_two_direct_lexical_components
851,dara-rvd (sc daratumumab),3,0,[],"[""Bortezomib"",""daratumumab / hyaluronidase"",""Lenalidomide""]",[],"[""Daratumumab""]",false,explicit_curated_component_missing_from_uotd_links
852,dara-vd,3,0,[],"[""Bortezomib"",""Daratumumab"",""Vincristine""]",[],[],false,fewer_than_two_direct_lexical_components
853,dara-vmp,4,0,[],"[""Bortezomib"",""Daratumumab"",""daratumumab / hyaluronidase"",""Melphalan""]",[],[],false,fewer_than_two_direct_lexical_components
854,dara-vtd,3,0,[],"[""Bortezomib"",""Daratumumab"",""Thalidomide""]",[],[],false,fewer_than_two_direct_lexical_components
855,daratumumab and hyaluronidase monotherapy,1,0,[],"[""daratumumab / hyaluronidase""]",[],"[""Daratumumab""]",false,explicit_curated_component_missing_from_uotd_links
856,daratumumab monotherapy,1,0,[],"[""Daratumumab""]",[],[],false,fewer_than_two_direct_lexical_components
857,darbepoetin alfa monotherapy,1,0,[],"[""Darbepoetin Alfa""]",[],[],false,fewer_than_two_direct_lexical_components
858,darinaparsin monotherapy,0,0,[],[],[],[],false,fewer_than_two_direct_lexical_components
859,dartmouth regimen,4,0,[],"[""Carmustine"",""Cisplatin"",""Dacarbazine"",""Tamoxifen""]",[],[],false,fewer_than_two_direct_lexical_components
860,dasatinib and blinatumomab,2,2,"[""blinatumomab"",""Dasatinib""]",[],[],[],true,at_least_two_direct_components_lexically_grounded_in_regimen_name
861,dasatinib and prednisone,1,0,[],"[""Dasatinib""]",[],"[""Prednisone""]",false,explicit_curated_component_missing_from_uotd_links
862,dasatinib monotherapy,1,0,[],"[""Dasatinib""]",[],[],false,fewer_than_two_direct_lexical_components
863,"dasatinib, vincristine, prednisone",2,0,[],"[""Dasatinib"",""Vincristine""]",[],"[""Prednisone""]",false,explicit_curated_component_missing_from_uotd_links
864,dat,5,0,[],"[""aminoglutethimide"",""danazol"",""Tamoxifen"",""Thalidomide"",""Thioguanine""]",[],[],false,fewer_than_two_direct_lexical_components
865,date,2,0,[],"[""Etoposide"",""Topotecan""]",[],[],false,fewer_than_two_direct_lexical_components
866,datvp,2,0,[],"[""Thioguanine"",""Vincristine""]",[],[],false,fewer_than_two_direct_lexical_components
867,daunorubicin and prednisone,0,0,[],[],[],"[""Daunorubicin"",""Prednisone""]",false,explicit_curated_component_missing_from_uotd_links
868,daunorubicin liposomal monotherapy,0,0,[],[],[],"[""Daunorubicin""]",false,explicit_curated_component_missing_from_uotd_links
869,daunorubicin monotherapy,0,0,[],[],[],"[""Daunorubicin""]",false,explicit_curated_component_missing_from_uotd_links
870,"daunorubicin, l-asparaginase, vincristine, dexamethasone",2,0,[],"[""Asparaginase"",""Vincristine""]",[],"[""Daunorubicin"",""Dexamethasone""]",false,explicit_curated_component_missing_from_uotd_links
871,"daunorubicin, l-asparaginase, vincristine, prednisone, imatinib",3,0,[],"[""Asparaginase"",""Imatinib"",""Vincristine""]",[],"[""Daunorubicin"",""Prednisone""]",false,explicit_curated_component_missing_from_uotd_links
872,"daunorubicin, pegaspargase, vincristine, dexamethasone",2,0,[],"[""pegaspargase"",""Vincristine""]",[],"[""Daunorubicin"",""Dexamethasone""]",false,explicit_curated_component_missing_from_uotd_links
873,"daunorubicin, pegaspargase, vincristine, prednisone",2,0,[],"[""pegaspargase"",""Vincristine""]",[],"[""Daunorubicin"",""Prednisone""]",false,explicit_curated_component_missing_from_uotd_links
874,"daunorubicin, pegaspargase, vincristine, prednisone, dasatinib",3,0,[],"[""Dasatinib"",""pegaspargase"",""Vincristine""]",[],"[""Daunorubicin"",""Prednisone""]",false,explicit_curated_component_missing_from_uotd_links
875,"daunorubicin, pegaspargase, vincristine, prednisone, imatinib",3,0,[],"[""Imatinib"",""pegaspargase"",""Vincristine""]",[],"[""Daunorubicin"",""Prednisone""]",false,explicit_curated_component_missing_from_uotd_links
876,"daunorubicin, vincristine, prednisolone",1,0,[],"[""Vincristine""]",[],"[""Daunorubicin""]",false,explicit_curated_component_missing_from_uotd_links
877,"daunorubicin, vincristine, prednisolone, nilotinib",2,0,[],"[""Nilotinib"",""Vincristine""]",[],"[""Daunorubicin""]",false,explicit_curated_component_missing_from_uotd_links
878,dav,1,0,[],"[""Vincristine""]",[],[],false,fewer_than_two_direct_lexical_components
879,davh,1,0,[],"[""Vincristine""]",[],[],false,fewer_than_two_direct_lexical_components
880,dccmp,1,0,[],"[""Mercaptopurine""]",[],[],false,fewer_than_two_direct_lexical_components
881,dcep,3,0,[],"[""Cisplatin"",""Cyclophosphamide"",""Etoposide""]",[],[],false,fewer_than_two_direct_lexical_components
882,dcep and g-csf,3,0,[],"[""Cisplatin"",""Cyclophosphamide"",""Etoposide""]",[],[],false,fewer_than_two_direct_lexical_components
883,dcep-t,4,0,[],"[""Cisplatin"",""Cyclophosphamide"",""Etoposide"",""Thalidomide""]",[],[],false,fewer_than_two_direct_lexical_components
884,dcf,3,0,[],"[""Cisplatin"",""Docetaxel"",""Fluorouracil""]",[],[],false,fewer_than_two_direct_lexical_components
885,dcmp,1,0,[],"[""Mercaptopurine""]",[],[],false,fewer_than_two_direct_lexical_components
886,dcter,2,0,[],"[""Etoposide"",""Thioguanine""]",[],[],false,fewer_than_two_direct_lexical_components
887,dcv,3,0,[],"[""Dacarbazine"",""Lomustine"",""Vincristine""]",[],[],false,fewer_than_two_direct_lexical_components
888,dd-chop,3,0,[],"[""Cyclophosphamide"",""denileukin diftitox"",""Vincristine""]",[],[],false,fewer_than_two_direct_lexical_components
889,dda-ddt-ddc,2,0,[],"[""Cyclophosphamide"",""Paclitaxel""]",[],[],false,fewer_than_two_direct_lexical_components
890,ddac-ddt,2,0,[],"[""Cyclophosphamide"",""Paclitaxel""]",[],[],false,fewer_than_two_direct_lexical_components
891,ddac-ddth (paclitaxel),3,0,[],"[""Cyclophosphamide"",""Paclitaxel"",""Trastuzumab""]",[],[],false,fewer_than_two_direct_lexical_components
892,ddac-t,2,0,[],"[""Cyclophosphamide"",""Paclitaxel""]",[],[],false,fewer_than_two_direct_lexical_components
893,ddac-th (docetaxel),4,0,[],"[""Cyclophosphamide"",""Docetaxel"",""Paclitaxel"",""Trastuzumab""]",[],[],false,fewer_than_two_direct_lexical_components
894,ddac-thp (docetaxel),5,0,[],"[""Cyclophosphamide"",""Docetaxel"",""Paclitaxel"",""Pertuzumab"",""Trastuzumab""]",[],[],false,fewer_than_two_direct_lexical_components
895,"ddac-thp (paclitaxel, phesgo)",3,0,[],"[""Cyclophosphamide"",""hyaluronidase / pertuzumab / trastuzumab"",""Paclitaxel""]",[],[],false,fewer_than_two_direct_lexical_components
896,dde-iddcmf,4,0,[],"[""Cyclophosphamide"",""Epirubicin"",""Fluorouracil"",""Methotrexate""]",[],[],false,fewer_than_two_direct_lexical_components
897,ddec-ddcmf,5,0,[],"[""Cyclophosphamide"",""Epirubicin"",""Fluorouracil"",""Methotrexate"",""Paclitaxel""]",[],[],false,fewer_than_two_direct_lexical_components
898,ddec-t,3,0,[],"[""Cyclophosphamide"",""Epirubicin"",""Paclitaxel""]",[],[],false,fewer_than_two_direct_lexical_components
899,ddec-th (docetaxel),5,0,[],"[""Cyclophosphamide"",""Docetaxel"",""Epirubicin"",""Paclitaxel"",""Trastuzumab""]",[],[],false,fewer_than_two_direct_lexical_components
900,ddec-thp (docetaxel),6,0,[],"[""Cyclophosphamide"",""Docetaxel"",""Epirubicin"",""Paclitaxel"",""Pertuzumab"",""Trastuzumab""]",[],[],false,fewer_than_two_direct_lexical_components
901,ddfec-ddd,4,0,[],"[""Cyclophosphamide"",""Docetaxel"",""Epirubicin"",""Fluorouracil""]",[],[],false,fewer_than_two_direct_lexical_components
902,ddfec-ddth (docetaxel),5,0,[],"[""Cyclophosphamide"",""Docetaxel"",""Epirubicin"",""Fluorouracil"",""Trastuzumab""]",[],[],false,fewer_than_two_direct_lexical_components
903,ddgp,3,0,[],"[""Cisplatin"",""Gemcitabine"",""pegaspargase""]",[],[],false,fewer_than_two_direct_lexical_components
904,ddp-mecy,4,0,[],"[""Cisplatin"",""Cyclophosphamide"",""folic acid"",""Methotrexate""]",[],[],false,fewer_than_two_direct_lexical_components
905,ddt-ddec,3,0,[],"[""Cyclophosphamide"",""Epirubicin"",""Paclitaxel""]",[],[],false,fewer_than_two_direct_lexical_components
906,ddt-ec,3,0,[],"[""Cyclophosphamide"",""Epirubicin"",""Paclitaxel""]",[],[],false,fewer_than_two_direct_lexical_components
907,deca,2,0,[],"[""Cisplatin"",""Etoposide""]",[],[],false,fewer_than_two_direct_lexical_components
908,decal,3,0,[],"[""Asparaginase"",""Cisplatin"",""Etoposide""]",[],[],false,fewer_than_two_direct_lexical_components
909,decitabine and cedazuridine monotherapy,1,0,[],"[""cedazuridine / decitabine""]",[],"[""Decitabine""]",false,explicit_curated_component_missing_from_uotd_links
910,decitabine and valproate,2,2,"[""Decitabine"",""valproate""]",[],[],[],true,at_least_two_direct_components_lexically_grounded_in_regimen_name
911,decitabine and venetoclax,2,2,"[""Decitabine"",""Venetoclax""]",[],[],[],true,at_least_two_direct_components_lexically_grounded_in_regimen_name
912,decitabine monotherapy,1,0,[],"[""Decitabine""]",[],[],false,fewer_than_two_direct_lexical_components
913,degarelix monotherapy,1,0,[],"[""Degarelix""]",[],[],false,fewer_than_two_direct_lexical_components
914,denileukin diftitox monotherapy,1,0,[],"[""denileukin diftitox""]",[],[],false,fewer_than_two_direct_lexical_components
915,denosumab monotherapy,1,0,[],"[""denosumab""]",[],[],false,fewer_than_two_direct_lexical_components
916,dep,1,0,[],"[""Etoposide""]",[],[],false,fewer_than_two_direct_lexical_components
917,des monotherapy,1,0,[],"[""diethylstilbestrol""]",[],[],false,fewer_than_two_direct_lexical_components
918,devic and rt,3,0,[],"[""Carboplatin"",""Etoposide"",""Ifosfamide""]",[],[],false,fewer_than_two_direct_lexical_components
919,dex-ifn,1,0,[],"[""interferon gamma-1b""]",[],[],false,fewer_than_two_direct_lexical_components
920,dexa-beam,3,0,[],"[""Carmustine"",""Etoposide"",""Melphalan""]",[],[],false,fewer_than_two_direct_lexical_components
921,dexabeam,3,0,[],"[""Carmustine"",""Etoposide"",""Melphalan""]",[],[],false,fewer_than_two_direct_lexical_components
922,dexabeam and g-csf,3,0,[],"[""Carmustine"",""Etoposide"",""Melphalan""]",[],[],false,fewer_than_two_direct_lexical_components
923,dexamethasone and eltrombopag,1,0,[],"[""eltrombopag""]",[],"[""Dexamethasone""]",false,explicit_curated_component_missing_from_uotd_links
924,dexamethasone and prednisone,0,0,[],[],[],"[""Dexamethasone"",""Prednisone""]",false,explicit_curated_component_missing_from_uotd_links
925,dexamethasone and rituximab,1,0,[],"[""Rituximab""]",[],"[""Dexamethasone""]",false,explicit_curated_component_missing_from_uotd_links
926,dexamethasone monotherapy,0,0,[],[],[],"[""Dexamethasone""]",false,explicit_curated_component_missing_from_uotd_links
927,dfcr,4,0,[],"[""Cyclophosphamide"",""duvelisib"",""fludarabine"",""Rituximab""]",[],[],false,fewer_than_two_direct_lexical_components
928,dhap,1,0,[],"[""Cisplatin""]",[],[],false,fewer_than_two_direct_lexical_components
929,dhap/vim,4,0,[],"[""Cisplatin"",""Etoposide"",""Ifosfamide"",""Methotrexate""]",[],[],false,fewer_than_two_direct_lexical_components
930,di ec,2,0,[],"[""Cyclophosphamide"",""Epirubicin""]",[],[],false,fewer_than_two_direct_lexical_components
931,dicep,3,0,[],"[""Cisplatin"",""Cyclophosphamide"",""Etoposide""]",[],[],false,fewer_than_two_direct_lexical_components
932,dmcodox-m - modified magrath,3,0,[],"[""Cyclophosphamide"",""Methotrexate"",""Vincristine""]",[],[],false,fewer_than_two_direct_lexical_components
933,dmcodox-m/ivac - modified magrath,5,0,[],"[""Cyclophosphamide"",""Etoposide"",""Ifosfamide"",""Methotrexate"",""Vincristine""]",[],[],false,fewer_than_two_direct_lexical_components
934,doap,1,0,[],"[""Vincristine""]",[],[],false,fewer_than_two_direct_lexical_components
935,docetaxel and bevacizumab,2,2,"[""Bevacizumab"",""Docetaxel""]",[],[],[],true,at_least_two_direct_components_lexically_grounded_in_regimen_name
936,docetaxel and estramustine,2,2,"[""Docetaxel"",""estramustine""]",[],[],[],true,at_least_two_direct_components_lexically_grounded_in_regimen_name
937,docetaxel and gemcitabine,2,2,"[""Docetaxel"",""Gemcitabine""]",[],[],[],true,at_least_two_direct_components_lexically_grounded_in_regimen_name
938,docetaxel and irinotecan,2,2,"[""Docetaxel"",""Irinotecan""]",[],[],[],true,at_least_two_direct_components_lexically_grounded_in_regimen_name
939,docetaxel and nedaplatin,1,0,[],"[""Docetaxel""]",[],[],false,fewer_than_two_direct_lexical_components
940,docetaxel and nintedanib,2,2,"[""Docetaxel"",""nintedanib""]",[],[],[],true,at_least_two_direct_components_lexically_grounded_in_regimen_name
941,docetaxel and nivolumab,2,2,"[""Docetaxel"",""Nivolumab""]",[],[],[],true,at_least_two_direct_components_lexically_grounded_in_regimen_name
942,docetaxel and prednisolone,1,0,[],"[""Docetaxel""]",[],[],false,fewer_than_two_direct_lexical_components
943,docetaxel and prednisone,1,0,[],"[""Docetaxel""]",[],"[""Prednisone""]",false,explicit_curated_component_missing_from_uotd_links
944,docetaxel and ramucirumab,2,2,"[""Docetaxel"",""Ramucirumab""]",[],[],[],true,at_least_two_direct_components_lexically_grounded_in_regimen_name
945,docetaxel and rt,1,0,[],"[""Docetaxel""]",[],[],false,fewer_than_two_direct_lexical_components
946,docetaxel and s-1,1,0,[],"[""Docetaxel""]",[],[],false,fewer_than_two_direct_lexical_components
947,docetaxel and trastuzumab (th) and pyrotinib,2,2,"[""Docetaxel"",""Trastuzumab""]",[],[],[],true,at_least_two_direct_components_lexically_grounded_in_regimen_name
948,docetaxel and vandetanib,2,2,"[""Docetaxel"",""vandetanib""]",[],[],[],true,at_least_two_direct_components_lexically_grounded_in_regimen_name
949,docetaxel and vinorelbine,2,2,"[""Docetaxel"",""Vinorelbine""]",[],[],[],true,at_least_two_direct_components_lexically_grounded_in_regimen_name
950,"docetaxel, cetuximab, rt",2,2,"[""Cetuximab"",""Docetaxel""]",[],[],[],true,at_least_two_direct_components_lexically_grounded_in_regimen_name
951,"docetaxel, enzalutamide, prednisolone",2,2,"[""Docetaxel"",""Enzalutamide""]",[],[],[],true,at_least_two_direct_components_lexically_grounded_in_regimen_name
952,"docetaxel, estramustine, goserelin",3,3,"[""Docetaxel"",""estramustine"",""Goserelin""]",[],[],[],true,at_least_two_direct_components_lexically_grounded_in_regimen_name
953,"docetaxel, fluorouracil, hydroxyurea, rt",3,3,"[""Docetaxel"",""Fluorouracil"",""Hydroxyurea""]",[],[],[],true,at_least_two_direct_components_lexically_grounded_in_regimen_name
954,"docetaxel, fluorouracil, rt",2,2,"[""Docetaxel"",""Fluorouracil""]",[],[],[],true,at_least_two_direct_components_lexically_grounded_in_regimen_name
955,"docetaxel, gemcitabine, rt",2,2,"[""Docetaxel"",""Gemcitabine""]",[],[],[],true,at_least_two_direct_components_lexically_grounded_in_regimen_name
956,dolp,2,0,[],"[""Asparaginase"",""Vincristine""]",[],[],false,fewer_than_two_direct_lexical_components
957,donafenib monotherapy,0,0,[],[],[],[],false,fewer_than_two_direct_lexical_components
958,dos,2,0,[],"[""Docetaxel"",""Oxaliplatin""]",[],[],false,fewer_than_two_direct_lexical_components
959,dose-dense cyclophosphamide and doxorubicin (ddac),1,0,[],"[""Cyclophosphamide""]",[],"[""Doxorubicin""]",false,explicit_curated_component_missing_from_uotd_links
960,dose-dense docetaxel and doxorubicin (ddat),1,0,[],"[""Docetaxel""]",[],"[""Doxorubicin""]",false,explicit_curated_component_missing_from_uotd_links
961,dose-dense epirubicin monotherapy,1,0,[],"[""Epirubicin""]",[],[],false,fewer_than_two_direct_lexical_components
962,dostarlimab monotherapy,1,0,[],"[""dostarlimab""]",[],[],false,fewer_than_two_direct_lexical_components
963,doxifluridine and mitomycin,1,0,[],"[""Mitomycin""]",[],[],false,fewer_than_two_direct_lexical_components
964,doxorubicin and bevacizumab,1,0,[],"[""Bevacizumab""]",[],"[""Doxorubicin""]",false,explicit_curated_component_missing_from_uotd_links
965,doxorubicin and gemcitabine,1,0,[],"[""Gemcitabine""]",[],"[""Doxorubicin""]",false,explicit_curated_component_missing_from_uotd_links
966,doxorubicin and ifosfamide,3,0,[],"[""Asparaginase"",""Ifosfamide"",""Methotrexate""]",[],"[""Doxorubicin""]",false,explicit_curated_component_missing_from_uotd_links
967,doxorubicin and lomustine,1,0,[],"[""Lomustine""]",[],"[""Doxorubicin""]",false,explicit_curated_component_missing_from_uotd_links
968,doxorubicin and olaratumab,1,0,[],"[""olaratumab""]",[],"[""Doxorubicin""]",false,explicit_curated_component_missing_from_uotd_links
969,doxorubicin and sorafenib,1,0,[],"[""Sorafenib""]",[],"[""Doxorubicin""]",false,explicit_curated_component_missing_from_uotd_links
970,doxorubicin and streptozocin,1,0,[],"[""streptozocin""]",[],"[""Doxorubicin""]",false,explicit_curated_component_missing_from_uotd_links
971,doxorubicin and trabectedin,1,0,[],"[""trabectedin""]",[],"[""Doxorubicin""]",false,explicit_curated_component_missing_from_uotd_links
972,doxorubicin and vinblastine,0,0,[],[],[],"[""Doxorubicin"",""Vinblastine""]",false,explicit_curated_component_missing_from_uotd_links
973,doxorubicin monotherapy,0,0,[],[],[],"[""Doxorubicin""]",false,explicit_curated_component_missing_from_uotd_links
974,"doxorubicin, ifosfamide, rt",1,0,[],"[""Ifosfamide""]",[],"[""Doxorubicin""]",false,explicit_curated_component_missing_from_uotd_links
975,"doxorubicin, l-asparaginase, methotrexate, vincristine, prednisone",3,0,[],"[""Asparaginase"",""Methotrexate"",""Vincristine""]",[],"[""Doxorubicin"",""Prednisone""]",false,explicit_curated_component_missing_from_uotd_links
976,"doxorubicin, mercaptopurine, methotrexate, vincristine, prednisone",3,0,[],"[""Mercaptopurine"",""Methotrexate"",""Vincristine""]",[],"[""Doxorubicin"",""Prednisone""]",false,explicit_curated_component_missing_from_uotd_links
977,"doxorubicin, mercaptopurine, pegaspargase, vincristine, prednisolone",3,0,[],"[""Mercaptopurine"",""pegaspargase"",""Vincristine""]",[],"[""Doxorubicin""]",false,explicit_curated_component_missing_from_uotd_links
978,"doxorubicin, methotrexate, pegaspargase, vincristine, methylprednisolone",3,0,[],"[""Methotrexate"",""pegaspargase"",""Vincristine""]",[],"[""Doxorubicin"",""Methylprednisolone""]",false,explicit_curated_component_missing_from_uotd_links
979,"doxorubicin, methotrexate, vincristine, prednisone",2,0,[],"[""Methotrexate"",""Vincristine""]",[],"[""Doxorubicin"",""Prednisone""]",false,explicit_curated_component_missing_from_uotd_links
980,"doxorubicin, pegaspargase, vincristine, prednisone",2,0,[],"[""pegaspargase"",""Vincristine""]",[],"[""Doxorubicin"",""Prednisone""]",false,explicit_curated_component_missing_from_uotd_links
981,doxycycline monotherapy,1,0,[],"[""doxycycline""]",[],[],false,fewer_than_two_direct_lexical_components
982,doxycycline-cybord,3,0,[],"[""Bortezomib"",""Cyclophosphamide"",""doxycycline""]",[],[],false,fewer_than_two_direct_lexical_components
983,drc,2,0,[],"[""Cyclophosphamide"",""Rituximab""]",[],[],false,fewer_than_two_direct_lexical_components
984,drc (sc rituximab),3,0,[],"[""Cyclophosphamide"",""hyaluronidase / rituximab"",""Rituximab""]",[],[],false,fewer_than_two_direct_lexical_components
985,dtic+bcnu+cisplatin,3,0,[],"[""Carmustine"",""Cisplatin"",""Dacarbazine""]",[],[],false,fewer_than_two_direct_lexical_components
986,dtic-actd,2,0,[],"[""Dacarbazine"",""dactinomycin""]",[],[],false,fewer_than_two_direct_lexical_components
987,dtpace,4,0,[],"[""Cisplatin"",""Cyclophosphamide"",""Etoposide"",""Thalidomide""]",[],[],false,fewer_than_two_direct_lexical_components
988,durvalumab and tremelimumab,2,2,"[""Durvalumab"",""tremelimumab""]",[],[],[],true,at_least_two_direct_components_lexically_grounded_in_regimen_name
989,durvalumab monotherapy,1,0,[],"[""Durvalumab""]",[],[],false,fewer_than_two_direct_lexical_components
990,duvelisib monotherapy,1,0,[],"[""duvelisib""]",[],[],false,fewer_than_two_direct_lexical_components
991,dvb,2,0,[],"[""Bleomycin"",""Cisplatin""]",[],[],false,fewer_than_two_direct_lexical_components
992,dvd-r,2,0,[],"[""Lenalidomide"",""Vincristine""]",[],[],false,fewer_than_two_direct_lexical_components
993,dvm,1,0,[],"[""Cisplatin""]",[],[],false,fewer_than_two_direct_lexical_components
994,dzapo,2,0,[],"[""Azacitidine"",""Vincristine""]",[],[],false,fewer_than_two_direct_lexical_components
995,e-cmf,4,0,[],"[""Cyclophosphamide"",""Epirubicin"",""Fluorouracil"",""Methotrexate""]",[],[],false,fewer_than_two_direct_lexical_components
996,e-d,2,0,[],"[""Docetaxel"",""Epirubicin""]",[],[],false,fewer_than_two_direct_lexical_components
997,e-mvac,2,0,[],"[""Cyclophosphamide"",""Methotrexate""]",[],[],false,fewer_than_two_direct_lexical_components
998,e-x,2,0,[],"[""Capecitabine"",""Epirubicin""]",[],[],false,fewer_than_two_direct_lexical_components
999,ear and g-csf,2,0,[],"[""Etoposide"",""Rituximab""]",[],[],false,fewer_than_two_direct_lexical_components
1000,ebap,1,0,[],"[""Carmustine""]",[],[],false,fewer_than_two_direct_lexical_components
1001,ebeacopp,5,0,[],"[""Bleomycin"",""Cyclophosphamide"",""Etoposide"",""Procarbazine"",""Vincristine""]",[],[],false,fewer_than_two_direct_lexical_components
1002,ebeacopp-abvd,6,0,[],"[""Bleomycin"",""Cyclophosphamide"",""Dacarbazine"",""Etoposide"",""Procarbazine"",""Vincristine""]",[],[],false,fewer_than_two_direct_lexical_components
1003,ebeacopp-beacopp,5,0,[],"[""Bleomycin"",""Cyclophosphamide"",""Etoposide"",""Procarbazine"",""Vincristine""]",[],[],false,fewer_than_two_direct_lexical_components
1004,ebvp,2,0,[],"[""Bleomycin"",""Epirubicin""]",[],[],false,fewer_than_two_direct_lexical_components
1005,ec-cmf,4,0,[],"[""Cyclophosphamide"",""Epirubicin"",""Fluorouracil"",""Methotrexate""]",[],[],false,fewer_than_two_direct_lexical_components
1006,ec-d,4,0,[],"[""Cyclophosphamide"",""Docetaxel"",""Epirubicin"",""Paclitaxel""]",[],[],false,fewer_than_two_direct_lexical_components
1007,ec-d and bevacizumab,4,0,[],"[""Bevacizumab"",""Cyclophosphamide"",""Docetaxel"",""Epirubicin""]",[],[],false,fewer_than_two_direct_lexical_components
1008,ec-ddt,3,0,[],"[""Cyclophosphamide"",""Epirubicin"",""Paclitaxel""]",[],[],false,fewer_than_two_direct_lexical_components
1009,ec-h,3,0,[],"[""Cyclophosphamide"",""Epirubicin"",""Trastuzumab""]",[],[],false,fewer_than_two_direct_lexical_components
1010,ec-th (docetaxel),5,0,[],"[""Cyclophosphamide"",""Docetaxel"",""Epirubicin"",""Paclitaxel"",""Trastuzumab""]",[],[],false,fewer_than_two_direct_lexical_components
1011,ec-thp (docetaxel),6,0,[],"[""Cyclophosphamide"",""Docetaxel"",""Epirubicin"",""Paclitaxel"",""Pertuzumab"",""Trastuzumab""]",[],[],false,fewer_than_two_direct_lexical_components
1012,ecf,3,0,[],"[""Cisplatin"",""Epirubicin"",""Fluorouracil""]",[],[],false,fewer_than_two_direct_lexical_components
1013,ecf/5-fu and rt,3,0,[],"[""Cisplatin"",""Epirubicin"",""Fluorouracil""]",[],[],false,fewer_than_two_direct_lexical_components
1014,ech,3,0,[],"[""Cyclophosphamide"",""Epirubicin"",""Trastuzumab""]",[],[],false,fewer_than_two_direct_lexical_components
1015,ech-th (docetaxel),4,0,[],"[""Cyclophosphamide"",""Docetaxel"",""Epirubicin"",""Trastuzumab""]",[],[],false,fewer_than_two_direct_lexical_components
1016,echo,3,0,[],"[""Cyclophosphamide"",""Etoposide"",""Vincristine""]",[],[],false,fewer_than_two_direct_lexical_components
1017,ecmv,3,0,[],"[""Etoposide"",""Methotrexate"",""Vincristine""]",[],[],false,fewer_than_two_direct_lexical_components
1018,ecog,2,0,[],"[""Azacitidine"",""Gemcitabine""]",[],[],false,fewer_than_two_direct_lexical_components
1019,eculizumab monotherapy,1,0,[],"[""eculizumab""]",[],[],false,fewer_than_two_direct_lexical_components
1020,ecx,3,0,[],"[""Capecitabine"",""Cisplatin"",""Epirubicin""]",[],[],false,fewer_than_two_direct_lexical_components
1021,edc,3,0,[],"[""Capecitabine"",""Docetaxel"",""Epirubicin""]",[],[],false,fewer_than_two_direct_lexical_components
1022,edoxaban monotherapy,1,0,[],"[""edoxaban""]",[],[],false,fewer_than_two_direct_lexical_components
1023,edrecolomab monotherapy,1,0,[],"[""edrecolomab""]",[],[],false,fewer_than_two_direct_lexical_components
1024,efp,3,0,[],"[""Cisplatin"",""Etoposide"",""Fluorouracil""]",[],[],false,fewer_than_two_direct_lexical_components
1025,ehp,3,0,[],"[""eribulin"",""Pertuzumab"",""Trastuzumab""]",[],[],false,fewer_than_two_direct_lexical_components
1026,eia,2,0,[],"[""Etoposide"",""Ifosfamide""]",[],[],false,fewer_than_two_direct_lexical_components
1027,eicnhl alcl99 protocol,4,0,[],"[""Cyclophosphamide"",""Etoposide"",""Ifosfamide"",""Methotrexate""]",[],[],false,fewer_than_two_direct_lexical_components
1028,elacestrant monotherapy,1,0,[],"[""elacestrant""]",[],[],false,fewer_than_two_direct_lexical_components
1029,elf,3,0,[],"[""Etoposide"",""Fluorouracil"",""folic acid""]",[],[],false,fewer_than_two_direct_lexical_components
1030,elo-pd,2,0,[],"[""Elotuzumab"",""Pomalidomide""]",[],[],false,fewer_than_two_direct_lexical_components
1031,elo-rd,2,0,[],"[""Elotuzumab"",""Lenalidomide""]",[],[],false,fewer_than_two_direct_lexical_components
1032,elo-vd,2,0,[],"[""Bortezomib"",""Elotuzumab""]",[],[],false,fewer_than_two_direct_lexical_components
1033,elranatamab monotherapy,1,0,[],"[""elranatamab""]",[],[],false,fewer_than_two_direct_lexical_components
1034,eltrombopag monotherapy,1,0,[],"[""eltrombopag""]",[],[],false,fewer_than_two_direct_lexical_components
1035,ema/co,5,0,[],"[""Cyclophosphamide"",""dactinomycin"",""Etoposide"",""Methotrexate"",""Vincristine""]",[],[],false,fewer_than_two_direct_lexical_components
1036,emaco,5,0,[],"[""Cyclophosphamide"",""dactinomycin"",""Etoposide"",""Methotrexate"",""Vincristine""]",[],[],false,fewer_than_two_direct_lexical_components
1037,enasidenib monotherapy,1,0,[],"[""enasidenib""]",[],[],false,fewer_than_two_direct_lexical_components
1038,encorafenib and cetuximab,2,2,"[""Cetuximab"",""encorafenib""]",[],[],[],true,at_least_two_direct_components_lexically_grounded_in_regimen_name
1039,enfortumab vedotin and pembrolizumab,2,2,"[""enfortumab"",""Pembrolizumab""]",[],[],[],true,at_least_two_direct_components_lexically_grounded_in_regimen_name
1040,enfortumab vedotin monotherapy,1,0,[],"[""enfortumab""]",[],[],false,fewer_than_two_direct_lexical_components
1041,enoxaparin monotherapy,1,0,[],"[""enoxaparin""]",[],[],false,fewer_than_two_direct_lexical_components
1042,ensartinib monotherapy,1,0,[],"[""ensartinib""]",[],[],false,fewer_than_two_direct_lexical_components
1043,entrectinib monotherapy,1,0,[],"[""entrectinib""]",[],[],false,fewer_than_two_direct_lexical_components
1044,envafolimab monotherapy,0,0,[],[],[],[],false,fewer_than_two_direct_lexical_components
1045,enzalutamide and leuprolide,2,2,"[""Enzalutamide"",""Leuprolide""]",[],[],[],true,at_least_two_direct_components_lexically_grounded_in_regimen_name
1046,enzalutamide monotherapy,1,0,[],"[""Enzalutamide""]",[],[],false,fewer_than_two_direct_lexical_components
1047,eof,3,0,[],"[""Epirubicin"",""Fluorouracil"",""Oxaliplatin""]",[],[],false,fewer_than_two_direct_lexical_components
1048,eox,3,0,[],"[""Capecitabine"",""Epirubicin"",""Oxaliplatin""]",[],[],false,fewer_than_two_direct_lexical_components
1049,ep-ddcmf,5,0,[],"[""Cyclophosphamide"",""Epirubicin"",""Fluorouracil"",""Methotrexate"",""Paclitaxel""]",[],[],false,fewer_than_two_direct_lexical_components
1050,ep-topotecan,3,0,[],"[""Cisplatin"",""Etoposide"",""Topotecan""]",[],[],false,fewer_than_two_direct_lexical_components
1051,epcoritamab monotherapy,1,0,[],"[""epcoritamab""]",[],[],false,fewer_than_two_direct_lexical_components
1052,epirubicin and ifosfamide,2,2,"[""Epirubicin"",""Ifosfamide""]",[],[],[],true,at_least_two_direct_components_lexically_grounded_in_regimen_name
1053,epirubicin and vinorelbine (ve),2,2,"[""Epirubicin"",""Vinorelbine""]",[],[],[],true,at_least_two_direct_components_lexically_grounded_in_regimen_name
1054,epirubicin monotherapy,1,0,[],"[""Epirubicin""]",[],[],false,fewer_than_two_direct_lexical_components
1055,epoch-r,4,0,[],"[""Cyclophosphamide"",""Etoposide"",""Rituximab"",""Vincristine""]",[],[],false,fewer_than_two_direct_lexical_components
1056,erdafitinib monotherapy,1,0,[],"[""erdafitinib""]",[],[],false,fewer_than_two_direct_lexical_components
1057,eribulin and margetuximab,2,2,"[""eribulin"",""margetuximab""]",[],[],[],true,at_least_two_direct_components_lexically_grounded_in_regimen_name
1058,eribulin and trastuzumab,2,2,"[""eribulin"",""Trastuzumab""]",[],[],[],true,at_least_two_direct_components_lexically_grounded_in_regimen_name
1059,eribulin monotherapy,1,0,[],"[""eribulin""]",[],[],false,fewer_than_two_direct_lexical_components
1060,erlotinib and bevacizumab,2,2,"[""Bevacizumab"",""Erlotinib""]",[],[],[],true,at_least_two_direct_components_lexically_grounded_in_regimen_name
1061,erlotinib and gemcitabine,2,2,"[""Erlotinib"",""Gemcitabine""]",[],[],[],true,at_least_two_direct_components_lexically_grounded_in_regimen_name
1062,erlotinib and ramucirumab,2,2,"[""Erlotinib"",""Ramucirumab""]",[],[],[],true,at_least_two_direct_components_lexically_grounded_in_regimen_name
1063,erlotinib monotherapy,1,0,[],"[""Erlotinib""]",[],[],false,fewer_than_two_direct_lexical_components
1064,erythropoetin alfa and lenalidomide,2,0,[],"[""Epoetin Alfa"",""Lenalidomide""]",[],[],false,fewer_than_two_direct_lexical_components
1065,erythropoetin beta and lenalidomide,2,0,[],"[""Epoetin Alfa"",""Lenalidomide""]",[],[],false,fewer_than_two_direct_lexical_components
1066,erythropoietin alfa monotherapy,1,0,[],"[""Epoetin Alfa""]",[],[],false,fewer_than_two_direct_lexical_components
1067,eshap,2,0,[],"[""Cisplatin"",""Etoposide""]",[],[],false,fewer_than_two_direct_lexical_components
1068,estradiol monotherapy,1,0,[],"[""atovaquone""]",[],[],false,fewer_than_two_direct_lexical_components
1069,etoposide and mitoxantrone,2,2,"[""Etoposide"",""mitoxantrone""]",[],[],[],true,at_least_two_direct_components_lexically_grounded_in_regimen_name
1070,etoposide and prednisone,1,0,[],"[""Etoposide""]",[],"[""Prednisone""]",false,explicit_curated_component_missing_from_uotd_links
1071,etoposide and tbi,1,0,[],"[""Etoposide""]",[],[],false,fewer_than_two_direct_lexical_components
1072,"etoposide and tbi, then allo hsct",1,0,[],"[""Etoposide""]",[],[],false,fewer_than_two_direct_lexical_components
1073,etoposide monotherapy,1,0,[],"[""Etoposide""]",[],[],false,fewer_than_two_direct_lexical_components
1074,"etoposide, ifosfamide, imatinib",3,3,"[""Etoposide"",""Ifosfamide"",""Imatinib""]",[],[],[],true,at_least_two_direct_components_lexically_grounded_in_regimen_name
1075,"etoposide, ifosfamide, methotrexate",3,3,"[""Etoposide"",""Ifosfamide"",""Methotrexate""]",[],[],[],true,at_least_two_direct_components_lexically_grounded_in_regimen_name
1076,"etoposide, vinblastine, prednisone",1,0,[],"[""Etoposide""]",[],"[""Prednisone"",""Vinblastine""]",false,explicit_curated_component_missing_from_uotd_links
1077,eva,1,0,[],"[""Etoposide""]",[],[],false,fewer_than_two_direct_lexical_components
1078,evaia,4,0,[],"[""dactinomycin"",""Etoposide"",""Ifosfamide"",""Vincristine""]",[],[],false,fewer_than_two_direct_lexical_components
1079,evap,1,0,[],"[""Etoposide""]",[],[],false,fewer_than_two_direct_lexical_components
1080,everolimus and exemestane,2,2,"[""Everolimus"",""Exemestane""]",[],[],[],true,at_least_two_direct_components_lexically_grounded_in_regimen_name
1081,everolimus and lenvatinib,2,2,"[""Everolimus"",""Lenvatinib""]",[],[],[],true,at_least_two_direct_components_lexically_grounded_in_regimen_name
1082,everolimus and octreotide,1,0,[],"[""Everolimus""]",[],[],false,fewer_than_two_direct_lexical_components
1083,everolimus and rituximab,2,2,"[""Everolimus"",""Rituximab""]",[],[],[],true,at_least_two_direct_components_lexically_grounded_in_regimen_name
1084,everolimus and tamoxifen,2,2,"[""Everolimus"",""Tamoxifen""]",[],[],[],true,at_least_two_direct_components_lexically_grounded_in_regimen_name
1085,everolimus monotherapy,1,0,[],"[""Everolimus""]",[],[],false,fewer_than_two_direct_lexical_components
1086,exemestane and ofs,2,0,[],"[""Exemestane"",""triptorelin""]",[],[],false,fewer_than_two_direct_lexical_components
1087,exemestane and palbociclib,2,2,"[""Exemestane"",""Palbociclib""]",[],[],[],true,at_least_two_direct_components_lexically_grounded_in_regimen_name
1088,exemestane and trastuzumab,2,2,"[""Exemestane"",""Trastuzumab""]",[],[],[],true,at_least_two_direct_components_lexically_grounded_in_regimen_name
1089,exemestane and tucidinostat,1,0,[],"[""Exemestane""]",[],[],false,fewer_than_two_direct_lexical_components
1090,exemestane monotherapy,1,0,[],"[""Exemestane""]",[],[],false,fewer_than_two_direct_lexical_components
1091,"exemestane, lapatinib, trastuzumab",3,3,"[""Exemestane"",""lapatinib"",""Trastuzumab""]",[],[],[],true,at_least_two_direct_components_lexically_grounded_in_regimen_name
1092,f-machop,4,0,[],"[""Cyclophosphamide"",""Fluorouracil"",""Methotrexate"",""Vincristine""]",[],[],false,fewer_than_two_direct_lexical_components
1093,f-shai,2,0,[],"[""fludarabine"",""Idarubicin""]",[],[],false,fewer_than_two_direct_lexical_components
1094,fa,1,0,[],"[""Fluorouracil""]",[],[],false,fewer_than_two_direct_lexical_components
1095,fac,2,0,[],"[""Cyclophosphamide"",""Fluorouracil""]",[],[],false,fewer_than_two_direct_lexical_components
1096,fac and bcg,3,0,[],"[""bcg, live, tice strain"",""Cyclophosphamide"",""Fluorouracil""]",[],[],false,fewer_than_two_direct_lexical_components
1097,fac and bevacizumab,3,0,[],"[""Bevacizumab"",""Cyclophosphamide"",""Fluorouracil""]",[],[],false,fewer_than_two_direct_lexical_components
1098,fac-bcg,2,0,[],"[""bcg, live, tice strain"",""Cyclophosphamide""]",[],[],false,fewer_than_two_direct_lexical_components
1099,fac-lev,2,0,[],"[""Cyclophosphamide"",""Fluorouracil""]",[],[],false,fewer_than_two_direct_lexical_components
1100,fac-mv,3,0,[],"[""Cyclophosphamide"",""Fluorouracil"",""Methotrexate""]",[],[],false,fewer_than_two_direct_lexical_components
1101,fac-t,3,0,[],"[""Cyclophosphamide"",""Fluorouracil"",""Paclitaxel""]",[],[],false,fewer_than_two_direct_lexical_components
1102,fac-th (docetaxel),5,0,[],"[""Cyclophosphamide"",""Docetaxel"",""Fluorouracil"",""Paclitaxel"",""Trastuzumab""]",[],[],false,fewer_than_two_direct_lexical_components
1103,fac-thp (docetaxel),6,0,[],"[""Cyclophosphamide"",""Docetaxel"",""Fluorouracil"",""Paclitaxel"",""Pertuzumab"",""Trastuzumab""]",[],[],false,fewer_than_two_direct_lexical_components
1104,facs,3,0,[],"[""Cyclophosphamide"",""Fluorouracil"",""streptozocin""]",[],[],false,fewer_than_two_direct_lexical_components
1105,facvp,3,0,[],"[""Cyclophosphamide"",""Etoposide"",""Fluorouracil""]",[],[],false,fewer_than_two_direct_lexical_components
1106,fam,2,0,[],"[""Fluorouracil"",""Mitomycin""]",[],[],false,fewer_than_two_direct_lexical_components
1107,fam-cf,3,0,[],"[""Fluorouracil"",""folic acid"",""Mitomycin""]",[],[],false,fewer_than_two_direct_lexical_components
1108,fam-s,3,0,[],"[""Fluorouracil"",""Mitomycin"",""streptozocin""]",[],[],false,fewer_than_two_direct_lexical_components
1109,famme,2,0,[],"[""Fluorouracil"",""Mitomycin""]",[],[],false,fewer_than_two_direct_lexical_components
1110,famtx,2,0,[],"[""Fluorouracil"",""Methotrexate""]",[],[],false,fewer_than_two_direct_lexical_components
1111,fas,2,0,[],"[""Fluorouracil"",""streptozocin""]",[],[],false,fewer_than_two_direct_lexical_components
1112,fbm,3,0,[],"[""Carmustine"",""fludarabine"",""Melphalan""]",[],[],false,fewer_than_two_direct_lexical_components
1113,fca,3,0,[],"[""alemtuzumab"",""Cyclophosphamide"",""fludarabine""]",[],[],false,fewer_than_two_direct_lexical_components
1114,fcap,3,0,[],"[""Cisplatin"",""Cyclophosphamide"",""Fluorouracil""]",[],[],false,fewer_than_two_direct_lexical_components
1115,fcm,3,0,[],"[""Cyclophosphamide"",""fludarabine"",""mitoxantrone""]",[],[],false,fewer_than_two_direct_lexical_components
1116,fcr,5,0,[],"[""Cyclophosphamide"",""fludarabine"",""hyaluronidase / rituximab"",""mitoxantrone"",""Rituximab""]",[],[],false,fewer_than_two_direct_lexical_components
1117,fct,3,0,[],"[""Cyclophosphamide"",""fludarabine"",""Topotecan""]",[],[],false,fewer_than_two_direct_lexical_components
1118,feam,2,0,[],"[""Etoposide"",""Melphalan""]",[],[],false,fewer_than_two_direct_lexical_components
1119,fec,3,0,[],"[""Cyclophosphamide"",""Epirubicin"",""Fluorouracil""]",[],[],false,fewer_than_two_direct_lexical_components
1120,fec and bevacizumab,4,0,[],"[""Bevacizumab"",""Cyclophosphamide"",""Epirubicin"",""Fluorouracil""]",[],[],false,fewer_than_two_direct_lexical_components
1121,fec and h,4,0,[],"[""Cyclophosphamide"",""Epirubicin"",""Fluorouracil"",""Trastuzumab""]",[],[],false,fewer_than_two_direct_lexical_components
1122,fec-d,4,0,[],"[""Cyclophosphamide"",""Docetaxel"",""Epirubicin"",""Fluorouracil""]",[],[],false,fewer_than_two_direct_lexical_components
1123,fec-h,4,0,[],"[""Cyclophosphamide"",""Epirubicin"",""Fluorouracil"",""Trastuzumab""]",[],[],false,fewer_than_two_direct_lexical_components
1124,fec-p,4,0,[],"[""Cyclophosphamide"",""Epirubicin"",""Fluorouracil"",""Paclitaxel""]",[],[],false,fewer_than_two_direct_lexical_components
1125,fec-th (docetaxel),6,0,[],"[""Cyclophosphamide"",""Docetaxel"",""Epirubicin"",""Fluorouracil"",""Paclitaxel"",""Trastuzumab""]",[],[],false,fewer_than_two_direct_lexical_components
1126,fec-thp (docetaxel),7,0,[],"[""Cyclophosphamide"",""Docetaxel"",""Epirubicin"",""Fluorouracil"",""Paclitaxel"",""Pertuzumab"",""Trastuzumab""]",[],[],false,fewer_than_two_direct_lexical_components
1127,fedratinib monotherapy,1,0,[],"[""fedratinib""]",[],[],false,fewer_than_two_direct_lexical_components
1128,felv,3,0,[],"[""Etoposide"",""Fluorouracil"",""folic acid""]",[],[],false,fewer_than_two_direct_lexical_components
1129,femtx,3,0,[],"[""Epirubicin"",""Fluorouracil"",""Methotrexate""]",[],[],false,fewer_than_two_direct_lexical_components
1130,fime,2,0,[],"[""Fluorouracil"",""razoxane""]",[],[],false,fewer_than_two_direct_lexical_components
1131,fl,2,0,[],"[""flutamide"",""Leuprolide""]",[],[],false,fewer_than_two_direct_lexical_components
1132,flag,3,0,[],"[""Filgrastim"",""fludarabine"",""lenograstim""]",[],[],false,fewer_than_two_direct_lexical_components
1133,flag-dnx,2,0,[],"[""Filgrastim"",""fludarabine""]",[],[],false,fewer_than_two_direct_lexical_components
1134,flag-ida,4,0,[],"[""Filgrastim"",""fludarabine"",""Idarubicin"",""lenograstim""]",[],[],false,fewer_than_two_direct_lexical_components
1135,flap,3,0,[],"[""Cisplatin"",""Fluorouracil"",""folic acid""]",[],[],false,fewer_than_two_direct_lexical_components
1136,flec,4,0,[],"[""Carboplatin"",""Epirubicin"",""Fluorouracil"",""folic acid""]",[],[],false,fewer_than_two_direct_lexical_components
1137,flep,4,0,[],"[""Cisplatin"",""Etoposide"",""Fluorouracil"",""folic acid""]",[],[],false,fewer_than_two_direct_lexical_components
1138,flot,4,0,[],"[""Docetaxel"",""Fluorouracil"",""folic acid"",""Oxaliplatin""]",[],[],false,fewer_than_two_direct_lexical_components
1139,flox,3,0,[],"[""Fluorouracil"",""folic acid"",""Oxaliplatin""]",[],[],false,fewer_than_two_direct_lexical_components
1140,fludarabine and alemtuzumab,2,2,"[""alemtuzumab"",""fludarabine""]",[],[],[],true,at_least_two_direct_components_lexically_grounded_in_regimen_name
1141,fludarabine and ibrutinib,2,2,"[""fludarabine"",""Ibrutinib""]",[],[],[],true,at_least_two_direct_components_lexically_grounded_in_regimen_name
1142,fludarabine and melphalan,2,2,"[""fludarabine"",""Melphalan""]",[],[],[],true,at_least_two_direct_components_lexically_grounded_in_regimen_name
1143,"fludarabine and melphalan, then allo hsct",2,2,"[""fludarabine"",""Melphalan""]",[],[],[],true,at_least_two_direct_components_lexically_grounded_in_regimen_name
1144,fludarabine and prednisone,1,0,[],"[""fludarabine""]",[],"[""Prednisone""]",false,explicit_curated_component_missing_from_uotd_links
1145,fludarabine and rituximab (fr),2,2,"[""fludarabine"",""Rituximab""]",[],[],[],true,at_least_two_direct_components_lexically_grounded_in_regimen_name
1146,fludarabine and tbi,1,0,[],"[""fludarabine""]",[],[],false,fewer_than_two_direct_lexical_components
1147,fludarabine and tbi for haploidentical transplant,1,0,[],"[""fludarabine""]",[],[],false,fewer_than_two_direct_lexical_components
1148,"fludarabine and tbi, then allo hsct",1,0,[],"[""fludarabine""]",[],[],false,fewer_than_two_direct_lexical_components
1149,fludarabine monotherapy,1,0,[],"[""fludarabine""]",[],[],false,fewer_than_two_direct_lexical_components
1150,"fludarabine, busulfan, cyclophosphamide, then allo hsct",4,3,"[""Busulfan"",""Cyclophosphamide"",""fludarabine""]","[""lymphocyte immune globulin, anti-thymocyte globulin""]",[],[],true,at_least_two_direct_components_lexically_grounded_in_regimen_name
1151,"fludarabine, cyclophosphamide, tbi for ducb or haploidentical transplant",2,2,"[""Cyclophosphamide"",""fludarabine""]",[],[],[],true,at_least_two_direct_components_lexically_grounded_in_regimen_name
1152,"fludarabine, then 131iodine-tositumomab",1,0,[],"[""fludarabine""]",[],[],false,fewer_than_two_direct_lexical_components
1153,fluorouracil and bevacizumab,2,2,"[""Bevacizumab"",""Fluorouracil""]",[],[],[],true,at_least_two_direct_components_lexically_grounded_in_regimen_name
1154,fluorouracil and heptaplatin (fh),1,0,[],"[""Fluorouracil""]",[],[],false,fewer_than_two_direct_lexical_components
1155,fluorouracil and levamisole,1,0,[],"[""Fluorouracil""]",[],[],false,fewer_than_two_direct_lexical_components
1156,fluorouracil and methotrexate (mf),2,2,"[""Fluorouracil"",""Methotrexate""]",[],[],[],true,at_least_two_direct_components_lexically_grounded_in_regimen_name
1157,fluorouracil and mitomycin,2,2,"[""Fluorouracil"",""Mitomycin""]",[],[],[],true,at_least_two_direct_components_lexically_grounded_in_regimen_name
1158,fluorouracil and oxaliplatin (fuox) and tislelizumab,3,3,"[""Fluorouracil"",""Oxaliplatin"",""tislelizumab""]",[],[],[],true,at_least_two_direct_components_lexically_grounded_in_regimen_name
1159,fluorouracil and paclitaxel,2,2,"[""Fluorouracil"",""Paclitaxel""]",[],[],[],true,at_least_two_direct_components_lexically_grounded_in_regimen_name
1160,fluorouracil and rt,1,0,[],"[""Fluorouracil""]",[],[],false,fewer_than_two_direct_lexical_components
1161,fluorouracil and semustine,1,0,[],"[""Fluorouracil""]",[],[],false,fewer_than_two_direct_lexical_components
1162,fluorouracil and streptozocin,2,2,"[""Fluorouracil"",""streptozocin""]",[],[],[],true,at_least_two_direct_components_lexically_grounded_in_regimen_name
1163,fluorouracil monotherapy,1,0,[],"[""Fluorouracil""]",[],[],false,fewer_than_two_direct_lexical_components
1164,"fluorouracil, folinic acid, mitomycin",3,2,"[""Fluorouracil"",""Mitomycin""]","[""folic acid""]",[],[],true,at_least_two_direct_components_lexically_grounded_in_regimen_name
1165,"fluorouracil, hydroxyurea, rt",2,2,"[""Fluorouracil"",""Hydroxyurea""]",[],[],[],true,at_least_two_direct_components_lexically_grounded_in_regimen_name
1166,"fluorouracil, mitomycin, rt",2,2,"[""Fluorouracil"",""Mitomycin""]",[],[],[],true,at_least_two_direct_components_lexically_grounded_in_regimen_name
1167,"fluorouracil, oxaliplatin, rt",2,2,"[""Fluorouracil"",""Oxaliplatin""]",[],[],[],true,at_least_two_direct_components_lexically_grounded_in_regimen_name
1168,"fluorouracil, paclitaxel, rt",2,2,"[""Fluorouracil"",""Paclitaxel""]",[],[],[],true,at_least_two_direct_components_lexically_grounded_in_regimen_name
1169,fluosol/bcnu,2,0,[],"[""Carmustine"",""Gentamicin""]",[],[],false,fewer_than_two_direct_lexical_components
1170,fluoxymesterone and tamoxifen,1,0,[],"[""Tamoxifen""]",[],[],false,fewer_than_two_direct_lexical_components
1171,fluoxymesterone monotherapy,0,0,[],[],[],[],false,fewer_than_two_direct_lexical_components
1172,flutamide and goserelin,2,2,"[""flutamide"",""Goserelin""]",[],[],[],true,at_least_two_direct_components_lexically_grounded_in_regimen_name
1173,flutamide and leuprolide,2,2,"[""flutamide"",""Leuprolide""]",[],[],[],true,at_least_two_direct_components_lexically_grounded_in_regimen_name
1174,flutamide monotherapy,1,0,[],"[""flutamide""]",[],[],false,fewer_than_two_direct_lexical_components
1175,"flutamide, goserelin, rt",2,2,"[""flutamide"",""Goserelin""]",[],[],[],true,at_least_two_direct_components_lexically_grounded_in_regimen_name
1176,"flutamide, leuprolide, rt",2,2,"[""flutamide"",""Leuprolide""]",[],[],[],true,at_least_two_direct_components_lexically_grounded_in_regimen_name
1177,fm,2,0,[],"[""fludarabine"",""mitoxantrone""]",[],[],false,fewer_than_two_direct_lexical_components
1178,fmp,2,0,[],"[""fludarabine"",""mitoxantrone""]",[],[],false,fewer_than_two_direct_lexical_components
1179,fnc,4,0,[],"[""Cyclophosphamide"",""Fluorouracil"",""Methotrexate"",""mitoxantrone""]",[],[],false,fewer_than_two_direct_lexical_components
1180,fnd,2,0,[],"[""fludarabine"",""mitoxantrone""]",[],[],false,fewer_than_two_direct_lexical_components
1181,fnm,3,0,[],"[""Fluorouracil"",""Methotrexate"",""mitoxantrone""]",[],[],false,fewer_than_two_direct_lexical_components
1182,foam,3,0,[],"[""Fluorouracil"",""Mitomycin"",""Vincristine""]",[],[],false,fewer_than_two_direct_lexical_components
1183,foflfox-haic and sorafenib,4,0,[],"[""Fluorouracil"",""folic acid"",""Oxaliplatin"",""Sorafenib""]",[],[],false,fewer_than_two_direct_lexical_components
1184,folfiri,4,0,[],"[""aflibercept"",""Fluorouracil"",""folic acid"",""Irinotecan""]",[],[],false,fewer_than_two_direct_lexical_components
1185,folfiri and bevacizumab,4,0,[],"[""Bevacizumab"",""Fluorouracil"",""folic acid"",""Irinotecan""]",[],[],false,fewer_than_two_direct_lexical_components
1186,folfiri and cetuximab,4,0,[],"[""Cetuximab"",""Fluorouracil"",""folic acid"",""Irinotecan""]",[],[],false,fewer_than_two_direct_lexical_components
1187,folfiri and panitumumab,4,0,[],"[""Fluorouracil"",""folic acid"",""Irinotecan"",""Panitumumab""]",[],[],false,fewer_than_two_direct_lexical_components
1188,folfiri and ramucirumab,4,0,[],"[""Fluorouracil"",""folic acid"",""Irinotecan"",""Ramucirumab""]",[],[],false,fewer_than_two_direct_lexical_components
1189,folfiri and ziv-aflibercept,4,0,[],"[""aflibercept"",""Fluorouracil"",""folic acid"",""Irinotecan""]",[],[],false,fewer_than_two_direct_lexical_components
1190,folfirinox,4,0,[],"[""Fluorouracil"",""folic acid"",""Irinotecan"",""Oxaliplatin""]",[],[],false,fewer_than_two_direct_lexical_components
1191,folfirinox and bevacizumab,5,0,[],"[""Bevacizumab"",""Fluorouracil"",""folic acid"",""Irinotecan"",""Oxaliplatin""]",[],[],false,fewer_than_two_direct_lexical_components
1192,folfirinox/modified folfirinox plus /- chemoradiation,5,0,[],"[""Capecitabine"",""Fluorouracil"",""folic acid"",""Irinotecan"",""Oxaliplatin""]",[],[],false,fewer_than_two_direct_lexical_components
1193,folfox 7/slv5fu2,3,0,[],"[""Fluorouracil"",""folic acid"",""Oxaliplatin""]",[],[],false,fewer_than_two_direct_lexical_components
1194,folfox-haic,3,0,[],"[""Fluorouracil"",""folic acid"",""Oxaliplatin""]",[],[],false,fewer_than_two_direct_lexical_components
1195,folfox4 and bevacizumab,4,0,[],"[""Bevacizumab"",""Fluorouracil"",""folic acid"",""Oxaliplatin""]",[],[],false,fewer_than_two_direct_lexical_components
1196,folfox4 and cetuximab,4,0,[],"[""Cetuximab"",""Fluorouracil"",""folic acid"",""Oxaliplatin""]",[],[],false,fewer_than_two_direct_lexical_components
1197,folfox4 and panitumumab,4,0,[],"[""Fluorouracil"",""folic acid"",""Oxaliplatin"",""Panitumumab""]",[],[],false,fewer_than_two_direct_lexical_components
1198,folfox4 and rt,3,0,[],"[""Fluorouracil"",""folic acid"",""Oxaliplatin""]",[],[],false,fewer_than_two_direct_lexical_components
1199,folfoxiri and panitumumab,5,0,[],"[""Fluorouracil"",""folic acid"",""Irinotecan"",""Oxaliplatin"",""Panitumumab""]",[],[],false,fewer_than_two_direct_lexical_components
1200,formestane monotherapy,1,0,[],"[""formestane""]",[],[],false,fewer_than_two_direct_lexical_components
1201,forodesine monotherapy,0,0,[],[],[],[],false,fewer_than_two_direct_lexical_components
1202,fostamatinib monotherapy,1,0,[],"[""fostamatinib""]",[],[],false,fewer_than_two_direct_lexical_components
1203,fotemustine monotherapy,0,0,[],[],[],[],false,fewer_than_two_direct_lexical_components
1204,fp/capecitabine and rt,3,0,[],"[""Capecitabine"",""Cisplatin"",""Fluorouracil""]",[],[],false,fewer_than_two_direct_lexical_components
1205,frd,2,0,[],"[""Lenalidomide"",""panobinostat""]",[],[],false,fewer_than_two_direct_lexical_components
1206,fruquintinib monotherapy,1,0,[],"[""fruquintinib""]",[],[],false,fewer_than_two_direct_lexical_components
1207,fufox,3,0,[],"[""Fluorouracil"",""folic acid"",""Oxaliplatin""]",[],[],false,fewer_than_two_direct_lexical_components
1208,fuiri,2,0,[],"[""Fluorouracil"",""Irinotecan""]",[],[],false,fewer_than_two_direct_lexical_components
1209,fulv,2,0,[],"[""Fluorouracil"",""folic acid""]",[],[],false,fewer_than_two_direct_lexical_components
1210,fulv (l-leucovorin),2,0,[],"[""Fluorouracil"",""folic acid""]",[],"[""Leucovorin""]",false,explicit_curated_component_missing_from_uotd_links
1211,fulv and bevacizumab,3,0,[],"[""Bevacizumab"",""Fluorouracil"",""folic acid""]",[],[],false,fewer_than_two_direct_lexical_components
1212,fulv and gemcitabine,3,0,[],"[""Fluorouracil"",""folic acid"",""Gemcitabine""]",[],[],false,fewer_than_two_direct_lexical_components
1213,fulv and levamisole,2,0,[],"[""Fluorouracil"",""folic acid""]",[],[],false,fewer_than_two_direct_lexical_components
1214,fulv and nanoliposomal irinotecan,3,0,[],"[""Fluorouracil"",""folic acid"",""Irinotecan""]",[],[],false,fewer_than_two_direct_lexical_components
1215,fulv and rt,2,0,[],"[""Fluorouracil"",""folic acid""]",[],[],false,fewer_than_two_direct_lexical_components
1216,fulvestrant and palbociclib,2,2,"[""Fulvestrant"",""Palbociclib""]",[],[],[],true,at_least_two_direct_components_lexically_grounded_in_regimen_name
1217,fulvestrant and ribociclib,2,2,"[""Fulvestrant"",""Ribociclib""]",[],[],[],true,at_least_two_direct_components_lexically_grounded_in_regimen_name
1218,fulvestrant monotherapy,1,0,[],"[""Fulvestrant""]",[],[],false,fewer_than_two_direct_lexical_components
1219,fuox,2,0,[],"[""Fluorouracil"",""Oxaliplatin""]",[],[],false,fewer_than_two_direct_lexical_components
1220,furam,1,0,[],"[""Mitomycin""]",[],[],false,fewer_than_two_direct_lexical_components
1221,furmonertinib monotherapy,0,0,[],[],[],[],false,fewer_than_two_direct_lexical_components
1222,futibatinib monotherapy,1,0,[],"[""futibatinib""]",[],[],false,fewer_than_two_direct_lexical_components
1223,fuvac,2,0,[],"[""Cyclophosphamide"",""Fluorouracil""]",[],[],false,fewer_than_two_direct_lexical_components
1224,fz,2,0,[],"[""flutamide"",""Goserelin""]",[],[],false,fewer_than_two_direct_lexical_components
1225,g-chop,3,0,[],"[""Cyclophosphamide"",""Obinutuzumab"",""Vincristine""]",[],[],false,fewer_than_two_direct_lexical_components
1226,g-cvp,3,0,[],"[""Cyclophosphamide"",""Obinutuzumab"",""Vincristine""]",[],[],false,fewer_than_two_direct_lexical_components
1227,g-fc,3,0,[],"[""Cyclophosphamide"",""fludarabine"",""Obinutuzumab""]",[],[],false,fewer_than_two_direct_lexical_components
1228,gcd,2,0,[],"[""Carboplatin"",""Gemcitabine""]",[],[],false,fewer_than_two_direct_lexical_components
1229,gcd-r,3,0,[],"[""Carboplatin"",""Gemcitabine"",""Rituximab""]",[],[],false,fewer_than_two_direct_lexical_components
1230,gdp,2,0,[],"[""Cisplatin"",""Gemcitabine""]",[],[],false,fewer_than_two_direct_lexical_components
1231,gdpt,3,0,[],"[""Cisplatin"",""Gemcitabine"",""Thalidomide""]",[],[],false,fewer_than_two_direct_lexical_components
1232,gefitinib and pemetrexed,2,2,"[""Gefitinib"",""Pemetrexed""]",[],[],[],true,at_least_two_direct_components_lexically_grounded_in_regimen_name
1233,gefitinib monotherapy,1,0,[],"[""Gefitinib""]",[],[],false,fewer_than_two_direct_lexical_components
1234,"gefitinib, nedaplatin, pemetrexed",2,2,"[""Gefitinib"",""Pemetrexed""]",[],[],[],true,at_least_two_direct_components_lexically_grounded_in_regimen_name
1235,gelox/rt,3,0,[],"[""Asparaginase"",""Gemcitabine"",""Oxaliplatin""]",[],[],false,fewer_than_two_direct_lexical_components
1236,gemcis,2,0,[],"[""Cisplatin"",""Gemcitabine""]",[],[],false,fewer_than_two_direct_lexical_components
1237,gemcitabine and bevacizumab,2,2,"[""Bevacizumab"",""Gemcitabine""]",[],[],[],true,at_least_two_direct_components_lexically_grounded_in_regimen_name
1238,gemcitabine and irinotecan,2,2,"[""Gemcitabine"",""Irinotecan""]",[],[],[],true,at_least_two_direct_components_lexically_grounded_in_regimen_name
1239,gemcitabine and margetuximab,2,2,"[""Gemcitabine"",""margetuximab""]",[],[],[],true,at_least_two_direct_components_lexically_grounded_in_regimen_name
1240,gemcitabine and mitomycin,2,2,"[""Gemcitabine"",""Mitomycin""]",[],[],[],true,at_least_two_direct_components_lexically_grounded_in_regimen_name
1241,gemcitabine and nab-paclitaxel,2,0,[],"[""Gemcitabine"",""Paclitaxel""]",[],"[""Nab-Paclitaxel""]",false,explicit_curated_component_missing_from_uotd_links
1242,gemcitabine and pegylated liposomal doxorubicin,1,0,[],"[""Gemcitabine""]",[],"[""Pegylated Liposomal Doxorubicin""]",false,explicit_curated_component_missing_from_uotd_links
1243,gemcitabine and rituximab,2,2,"[""Gemcitabine"",""Rituximab""]",[],[],[],true,at_least_two_direct_components_lexically_grounded_in_regimen_name
1244,gemcitabine and rt,1,0,[],"[""Gemcitabine""]",[],[],false,fewer_than_two_direct_lexical_components
1245,gemcitabine and s-1,1,0,[],"[""Gemcitabine""]",[],[],false,fewer_than_two_direct_lexical_components
1246,gemcitabine and sunitinib,2,2,"[""Gemcitabine"",""Sunitinib""]",[],[],[],true,at_least_two_direct_components_lexically_grounded_in_regimen_name
1247,gemcitabine and trastuzumab,2,2,"[""Gemcitabine"",""Trastuzumab""]",[],[],[],true,at_least_two_direct_components_lexically_grounded_in_regimen_name
1248,gemcitabine and vinorelbine,4,2,"[""Gemcitabine"",""Vinorelbine""]","[""Obinutuzumab"",""Venetoclax""]",[],[],true,at_least_two_direct_components_lexically_grounded_in_regimen_name
1249,gemcitabine monotherapy,1,0,[],"[""Gemcitabine""]",[],[],false,fewer_than_two_direct_lexical_components
1250,"gemcitabine, cetuximab, rt",2,2,"[""Cetuximab"",""Gemcitabine""]",[],[],[],true,at_least_two_direct_components_lexically_grounded_in_regimen_name
1251,"gemcitabine, cisplatin, s-1",2,2,"[""Cisplatin"",""Gemcitabine""]",[],[],[],true,at_least_two_direct_components_lexically_grounded_in_regimen_name
1252,"gemcitabine, oxaliplatin, paclitaxel",3,3,"[""Gemcitabine"",""Oxaliplatin"",""Paclitaxel""]",[],[],[],true,at_least_two_direct_components_lexically_grounded_in_regimen_name
1253,gemcitabine/fluorouracil and rt,2,2,"[""Fluorouracil"",""Gemcitabine""]",[],[],[],true,at_least_two_direct_components_lexically_grounded_in_regimen_name
1254,gemiri,2,0,[],"[""Gemcitabine"",""Irinotecan""]",[],[],false,fewer_than_two_direct_lexical_components
1255,gemox,2,0,[],"[""Gemcitabine"",""Oxaliplatin""]",[],[],false,fewer_than_two_direct_lexical_components
1256,gemox and sorafenib,3,0,[],"[""Gemcitabine"",""Oxaliplatin"",""Sorafenib""]",[],[],false,fewer_than_two_direct_lexical_components
1257,gemox-b,3,0,[],"[""Bevacizumab"",""Gemcitabine"",""Oxaliplatin""]",[],[],false,fewer_than_two_direct_lexical_components
1258,gemtuzumab ozogamicin monotherapy,1,0,[],"[""gemtuzumab ozogamicin""]",[],[],false,fewer_than_two_direct_lexical_components
1259,ghp,3,0,[],"[""Gemcitabine"",""Pertuzumab"",""Trastuzumab""]",[],[],false,fewer_than_two_direct_lexical_components
1260,gilteritinib monotherapy,1,0,[],"[""gilteritinib""]",[],[],false,fewer_than_two_direct_lexical_components
1261,gip,3,0,[],"[""Cisplatin"",""Gemcitabine"",""Ifosfamide""]",[],[],false,fewer_than_two_direct_lexical_components
1262,glasdegib and lodac,1,0,[],"[""glasdegib""]",[],[],false,fewer_than_two_direct_lexical_components
1263,glofitamab monotherapy,1,0,[],"[""glofitamab""]",[],[],false,fewer_than_two_direct_lexical_components
1264,"gm-csf, il-2, isotretinoin, dinutuximab",2,2,"[""dinutuximab"",""isotretinoin""]",[],[],[],true,at_least_two_direct_components_lexically_grounded_in_regimen_name
1265,gmall-r,7,0,[],"[""Cyclophosphamide"",""Etoposide"",""Ifosfamide"",""Methotrexate"",""Rituximab"",""teniposide"",""Vincristine""]",[],[],false,fewer_than_two_direct_lexical_components
1266,goserelin and letrozole,2,2,"[""Goserelin"",""Letrozole""]",[],[],[],true,at_least_two_direct_components_lexically_grounded_in_regimen_name
1267,goserelin and rt,1,0,[],"[""Goserelin""]",[],[],false,fewer_than_two_direct_lexical_components
1268,goserelin and tamoxifen,2,2,"[""Goserelin"",""Tamoxifen""]",[],[],[],true,at_least_two_direct_components_lexically_grounded_in_regimen_name
1269,goserelin monotherapy,1,0,[],"[""Goserelin""]",[],[],false,fewer_than_two_direct_lexical_components
1270,"goserelin, letrozole, ribociclib",3,3,"[""Goserelin"",""Letrozole"",""Ribociclib""]",[],[],[],true,at_least_two_direct_components_lexically_grounded_in_regimen_name
1271,"goserelin, ribociclib, tamoxifen",3,3,"[""Goserelin"",""Ribociclib"",""Tamoxifen""]",[],[],[],true,at_least_two_direct_components_lexically_grounded_in_regimen_name
1272,gtp,3,0,[],"[""Cisplatin"",""Gemcitabine"",""Paclitaxel""]",[],[],false,fewer_than_two_direct_lexical_components
1273,gtx,3,0,[],"[""Capecitabine"",""Docetaxel"",""Gemcitabine""]",[],[],false,fewer_than_two_direct_lexical_components
1274,gvd,2,0,[],"[""Gemcitabine"",""Vinorelbine""]",[],[],false,fewer_than_two_direct_lexical_components
1275,gvp,2,0,[],"[""Gemcitabine"",""Vinorelbine""]",[],[],false,fewer_than_two_direct_lexical_components
1276,haa,1,0,[],"[""aclarubicin""]",[],[],false,fewer_than_two_direct_lexical_components
1277,had,2,0,[],"[""altretamine"",""Cisplatin""]",[],[],false,fewer_than_two_direct_lexical_components
1278,ham,1,0,[],"[""mitoxantrone""]",[],[],false,fewer_than_two_direct_lexical_components
1279,ham and imatinib,2,0,[],"[""Imatinib"",""mitoxantrone""]",[],[],false,fewer_than_two_direct_lexical_components
1280,hamp,3,0,[],"[""altretamine"",""Cisplatin"",""Methotrexate""]",[],[],false,fewer_than_two_direct_lexical_components
1281,hdmp-r,1,0,[],"[""Rituximab""]",[],[],false,fewer_than_two_direct_lexical_components
1282,head start iii protocol d2,6,0,[],"[""Cisplatin"",""Cyclophosphamide"",""Etoposide"",""Methotrexate"",""Temozolomide"",""Vincristine""]",[],[],false,fewer_than_two_direct_lexical_components
1283,helicobacter pylori eradication therapy,5,0,[],"[""amoxicillin"",""bismuth subcitrate"",""clarithromycin"",""metronidazole"",""Omeprazole""]",[],[],false,fewer_than_two_direct_lexical_components
1284,heparin monotherapy,1,0,[],"[""heparin""]",[],[],false,fewer_than_two_direct_lexical_components
1285,hexa-caf,5,0,[],"[""altretamine"",""Cyclophosphamide"",""floxuridine"",""Fluorouracil"",""Methotrexate""]",[],[],false,fewer_than_two_direct_lexical_components
1286,hi-cdaze,2,0,[],"[""Azacitidine"",""Etoposide""]",[],[],false,fewer_than_two_direct_lexical_components
1287,hic-com,5,0,[],"[""Allopurinol"",""Cyclophosphamide"",""folic acid"",""Methotrexate"",""Vincristine""]",[],[],false,fewer_than_two_direct_lexical_components
1288,hidac and atra,1,0,[],"[""Tretinoin""]",[],[],false,fewer_than_two_direct_lexical_components
1289,hidac and g-csf,1,0,[],"[""Filgrastim""]",[],[],false,fewer_than_two_direct_lexical_components
1290,hidac and midostaurin,1,0,[],"[""midostaurin""]",[],[],false,fewer_than_two_direct_lexical_components
1291,hidac and quizartinib,1,0,[],"[""Afatinib""]",[],[],false,fewer_than_two_direct_lexical_components
1292,high-dose cytarabine monotherapy (hidac),0,0,[],[],[],"[""Cytarabine""]",false,explicit_curated_component_missing_from_uotd_links
1293,high-dose interleukin-2,1,0,[],"[""aldesleukin""]",[],[],false,fewer_than_two_direct_lexical_components
1294,hlh-2004 regimen,2,0,[],"[""cyclosporine"",""Etoposide""]",[],[],false,fewer_than_two_direct_lexical_components
1295,hlh-94 regimen,2,0,[],"[""cyclosporine"",""Etoposide""]",[],[],false,fewer_than_two_direct_lexical_components
1296,hoap-bleo,2,0,[],"[""Bleomycin"",""Vincristine""]",[],[],false,fewer_than_two_direct_lexical_components
1297,hydrocortisone monotherapy,1,0,[],"[""hydrocortisone""]",[],[],false,fewer_than_two_direct_lexical_components
1298,hydroxyurea and imatinib,2,2,"[""Hydroxyurea"",""Imatinib""]",[],[],[],true,at_least_two_direct_components_lexically_grounded_in_regimen_name
1299,hydroxyurea and plicamycin,2,2,"[""Hydroxyurea"",""plicamycin""]",[],[],[],true,at_least_two_direct_components_lexically_grounded_in_regimen_name
1300,hydroxyurea and rt,1,0,[],"[""Hydroxyurea""]",[],[],false,fewer_than_two_direct_lexical_components
1301,hydroxyurea and voxelotor,1,0,[],"[""voxelotor""]",[],"[""Hydroxyurea""]",false,explicit_curated_component_missing_from_uotd_links
1302,hydroxyurea monotherapy,1,0,[],"[""Hydroxyurea""]",[],[],false,fewer_than_two_direct_lexical_components
1303,hyper-cvad,3,0,[],"[""Cyclophosphamide"",""Mesna"",""Vincristine""]",[],[],false,fewer_than_two_direct_lexical_components
1304,hyper-cvad/ma,3,0,[],"[""Cyclophosphamide"",""Methotrexate"",""Vincristine""]",[],[],false,fewer_than_two_direct_lexical_components
1305,hyper-cvad/ma and dasatinib,4,0,[],"[""Cyclophosphamide"",""Dasatinib"",""Methotrexate"",""Vincristine""]",[],[],false,fewer_than_two_direct_lexical_components
1306,hyper-cvad/ma and everolimus,4,0,[],"[""Cyclophosphamide"",""Everolimus"",""Methotrexate"",""Vincristine""]",[],[],false,fewer_than_two_direct_lexical_components
1307,hyper-cvad/ma and imatinib,4,0,[],"[""Cyclophosphamide"",""Imatinib"",""Methotrexate"",""Vincristine""]",[],[],false,fewer_than_two_direct_lexical_components
1308,hyper-cvad/ma and ponatinib,4,0,[],"[""Cyclophosphamide"",""Methotrexate"",""Ponatinib"",""Vincristine""]",[],[],false,fewer_than_two_direct_lexical_components
1309,hyperchidam,2,0,[],"[""Cyclophosphamide"",""Methotrexate""]",[],[],false,fewer_than_two_direct_lexical_components
1310,iap,2,0,[],"[""Idarubicin"",""pravastatin""]",[],[],false,fewer_than_two_direct_lexical_components
1311,ibritumomab tiuxetan protocol,2,0,[],"[""ibritumomab tiuxetan"",""Rituximab""]",[],[],false,fewer_than_two_direct_lexical_components
1312,ibrutinib and obinutuzumab,2,2,"[""Ibrutinib"",""Obinutuzumab""]",[],[],[],true,at_least_two_direct_components_lexically_grounded_in_regimen_name
1313,ibrutinib and ofatumumab,2,2,"[""Ibrutinib"",""ofatumumab""]",[],[],[],true,at_least_two_direct_components_lexically_grounded_in_regimen_name
1314,ibrutinib and rituximab,2,2,"[""Ibrutinib"",""Rituximab""]",[],[],[],true,at_least_two_direct_components_lexically_grounded_in_regimen_name
1315,ibrutinib and ublituximab,2,2,"[""Ibrutinib"",""ublituximab""]",[],[],[],true,at_least_two_direct_components_lexically_grounded_in_regimen_name
1316,ibrutinib and venetoclax,2,2,"[""Ibrutinib"",""Venetoclax""]",[],[],[],true,at_least_two_direct_components_lexically_grounded_in_regimen_name
1317,ibrutinib monotherapy,1,0,[],"[""Ibrutinib""]",[],[],false,fewer_than_two_direct_lexical_components
1318,"ibrutinib, venetoclax, obinutuzumab",3,3,"[""Ibrutinib"",""Obinutuzumab"",""Venetoclax""]",[],[],[],true,at_least_two_direct_components_lexically_grounded_in_regimen_name
1319,"ic and norethandrolone/6-mp, mtx, norethandrolone",4,0,[],"[""Idarubicin"",""Mercaptopurine"",""Methotrexate"",""norethandrolone""]",[],[],false,fewer_than_two_direct_lexical_components
1320,ice and atra,3,0,[],"[""Etoposide"",""Idarubicin"",""Tretinoin""]",[],[],false,fewer_than_two_direct_lexical_components
1321,ice-v,5,0,[],"[""Carboplatin"",""Etoposide"",""Ifosfamide"",""Mesna"",""Vincristine""]",[],[],false,fewer_than_two_direct_lexical_components
1322,icl,2,0,[],"[""Idarubicin"",""Lomustine""]",[],[],false,fewer_than_two_direct_lexical_components
1323,icotinib monotherapy,0,0,[],[],[],[],false,fewer_than_two_direct_lexical_components
1324,idac and sorafenib,1,0,[],"[""Sorafenib""]",[],[],false,fewer_than_two_direct_lexical_components
1325,"idarubicin, l-asparaginase, vincristine, prednisone",3,0,[],"[""Asparaginase"",""Idarubicin"",""Vincristine""]",[],"[""Prednisone""]",false,explicit_curated_component_missing_from_uotd_links
1326,"idarubicin, then mitoxantrone, then idarubicin",2,2,"[""Idarubicin"",""mitoxantrone""]",[],[],[],true,at_least_two_direct_components_lexically_grounded_in_regimen_name
1327,"idarubicin, then mitoxantrone, then idarubicin, with atra",3,2,"[""Idarubicin"",""mitoxantrone""]","[""Tretinoin""]",[],[],true,at_least_two_direct_components_lexically_grounded_in_regimen_name
1328,iddenpc,3,0,[],"[""Cyclophosphamide"",""Epirubicin"",""Paclitaxel""]",[],[],false,fewer_than_two_direct_lexical_components
1329,iddepc,3,0,[],"[""Cyclophosphamide"",""Epirubicin"",""Paclitaxel""]",[],[],false,fewer_than_two_direct_lexical_components
1330,idecabtagene vicleucel monotherapy,1,0,[],"[""idecabtagene vicleucel""]",[],[],false,fewer_than_two_direct_lexical_components
1331,idelalisib and ofatumumab,2,2,"[""Idelalisib"",""ofatumumab""]",[],[],[],true,at_least_two_direct_components_lexically_grounded_in_regimen_name
1332,idelalisib and rituximab,2,2,"[""Idelalisib"",""Rituximab""]",[],[],[],true,at_least_two_direct_components_lexically_grounded_in_regimen_name
1333,idelalisib monotherapy,1,0,[],"[""Idelalisib""]",[],[],false,fewer_than_two_direct_lexical_components
1334,idmtx,1,0,[],"[""Methotrexate""]",[],[],false,fewer_than_two_direct_lexical_components
1335,idr,2,0,[],"[""Ixazomib"",""Rituximab""]",[],[],false,fewer_than_two_direct_lexical_components
1336,ie,2,0,[],"[""Etoposide"",""Ifosfamide""]",[],[],false,fewer_than_two_direct_lexical_components
1337,ifcr,4,0,[],"[""Cyclophosphamide"",""fludarabine"",""Ibrutinib"",""Rituximab""]",[],[],false,fewer_than_two_direct_lexical_components
1338,ifl,3,0,[],"[""Fluorouracil"",""folic acid"",""Irinotecan""]",[],[],false,fewer_than_two_direct_lexical_components
1339,ifl and bevacizumab,4,0,[],"[""Bevacizumab"",""Fluorouracil"",""folic acid"",""Irinotecan""]",[],[],false,fewer_than_two_direct_lexical_components
1340,ifn+dtic,1,0,[],"[""Dacarbazine""]",[],[],false,fewer_than_two_direct_lexical_components
1341,ifosfamide and gemcitabine,2,2,"[""Gemcitabine"",""Ifosfamide""]",[],[],[],true,at_least_two_direct_components_lexically_grounded_in_regimen_name
1342,ifosfamide and methotrexate,2,2,"[""Ifosfamide"",""Methotrexate""]",[],[],[],true,at_least_two_direct_components_lexically_grounded_in_regimen_name
1343,ifosfamide and paclitaxel,2,2,"[""Ifosfamide"",""Paclitaxel""]",[],[],[],true,at_least_two_direct_components_lexically_grounded_in_regimen_name
1344,ifosfamide and vinorelbine,2,2,"[""Ifosfamide"",""Vinorelbine""]",[],[],[],true,at_least_two_direct_components_lexically_grounded_in_regimen_name
1345,ifosfamide monotherapy,1,0,[],"[""Ifosfamide""]",[],[],false,fewer_than_two_direct_lexical_components
1346,ifovp,3,0,[],"[""Etoposide"",""Ifosfamide"",""Mesna""]",[],[],false,fewer_than_two_direct_lexical_components
1347,igev,3,0,[],"[""Gemcitabine"",""Ifosfamide"",""Vinorelbine""]",[],[],false,fewer_than_two_direct_lexical_components
1348,igev and g-csf,3,0,[],"[""Gemcitabine"",""Ifosfamide"",""Vinorelbine""]",[],[],false,fewer_than_two_direct_lexical_components
1349,il-2 and gm-csf,1,0,[],"[""aldesleukin""]",[],[],false,fewer_than_two_direct_lexical_components
1350,imatinib and interferon alfa,1,0,[],"[""Imatinib""]",[],[],false,fewer_than_two_direct_lexical_components
1351,imatinib and lodac,1,0,[],"[""Imatinib""]",[],[],false,fewer_than_two_direct_lexical_components
1352,imatinib and peginterferon alfa-2a,2,2,"[""Imatinib"",""peginterferon alfa-2a""]",[],[],[],true,at_least_two_direct_components_lexically_grounded_in_regimen_name
1353,imatinib and prednisone,1,0,[],"[""Imatinib""]",[],"[""Prednisone""]",false,explicit_curated_component_missing_from_uotd_links
1354,imatinib monotherapy,1,0,[],"[""Imatinib""]",[],[],false,fewer_than_two_direct_lexical_components
1355,"imatinib, vincristine, dexamethasone",2,0,[],"[""Imatinib"",""Vincristine""]",[],"[""Dexamethasone""]",false,explicit_curated_component_missing_from_uotd_links
1356,"imatinib, vincristine, prednisone",2,0,[],"[""Imatinib"",""Vincristine""]",[],"[""Prednisone""]",false,explicit_curated_component_missing_from_uotd_links
1357,imf,4,0,[],"[""Fluorouracil"",""Ifosfamide"",""Mesna"",""Methotrexate""]",[],[],false,fewer_than_two_direct_lexical_components
1358,infigratinib monotherapy,1,0,[],"[""infigratinib""]",[],[],false,fewer_than_two_direct_lexical_components
1359,inotuzumab ozogamicin monotherapy,1,0,[],"[""inotuzumab ozogamicin""]",[],[],false,fewer_than_two_direct_lexical_components
1360,interferon alfa and dexamethasone,0,0,[],[],[],"[""Dexamethasone""]",false,explicit_curated_component_missing_from_uotd_links
1361,interferon alfa-2a and isotretinoin,2,2,"[""interferon alfa-2a"",""isotretinoin""]",[],[],[],true,at_least_two_direct_components_lexically_grounded_in_regimen_name
1362,interferon alfa-2a monotherapy,1,0,[],"[""interferon alfa-2a""]",[],[],false,fewer_than_two_direct_lexical_components
1363,interferon alfa-2b and prednisone,1,0,[],"[""interferon gamma-1b""]",[],"[""Prednisone""]",false,explicit_curated_component_missing_from_uotd_links
1364,interferon alfa-2b and thalidomide,2,0,[],"[""interferon gamma-1b"",""Thalidomide""]",[],[],false,fewer_than_two_direct_lexical_components
1365,interferon alfa-2b and zidovudine,2,0,[],"[""interferon gamma-1b"",""zidovudine""]",[],[],false,fewer_than_two_direct_lexical_components
1366,interferon alfa-2b monotherapy,1,0,[],"[""interferon gamma-1b""]",[],[],false,fewer_than_two_direct_lexical_components
1367,interferon alfa-2c monotherapy,0,0,[],[],[],[],false,fewer_than_two_direct_lexical_components
1368,interferon alfa-n1 monotherapy,1,0,[],"[""interferon alfa-n1""]",[],[],false,fewer_than_two_direct_lexical_components
1369,intermittent adt,0,0,[],[],[],[],false,fewer_than_two_direct_lexical_components
1370,international all trial consolidation,4,0,[],"[""Cyclophosphamide"",""Etoposide"",""Thioguanine"",""Vincristine""]",[],[],false,fewer_than_two_direct_lexical_components
1371,intraperitoneal 5-fu,2,0,[],"[""Fluorouracil"",""folic acid""]",[],[],false,fewer_than_two_direct_lexical_components
1372,intraperitoneal hyperthermic mitomycin,1,0,[],"[""Mitomycin""]",[],[],false,fewer_than_two_direct_lexical_components
1373,intraperitoneal hyperthermic oxaliplatin,3,0,[],"[""Fluorouracil"",""folic acid"",""Oxaliplatin""]",[],[],false,fewer_than_two_direct_lexical_components
1374,intravesicular doxorubicin monotherapy,0,0,[],[],[],"[""Doxorubicin""]",false,explicit_curated_component_missing_from_uotd_links
1375,intravesicular gemcitabine monotherapy,1,0,[],"[""Gemcitabine""]",[],[],false,fewer_than_two_direct_lexical_components
1376,intravesicular mitomycin monotherapy,1,0,[],"[""Mitomycin""]",[],[],false,fewer_than_two_direct_lexical_components
1377,intravesicular thiotepa monotherapy,1,0,[],"[""thiotepa""]",[],[],false,fewer_than_two_direct_lexical_components
1378,intravesicular valrubicin monotherapy,1,0,[],"[""valrubicin""]",[],[],false,fewer_than_two_direct_lexical_components
1379,ip carboplatin and paclitaxel,2,2,"[""Carboplatin"",""Paclitaxel""]",[],[],[],true,at_least_two_direct_components_lexically_grounded_in_regimen_name
1380,ip cisplatin and cyclophosphamide,2,2,"[""Cisplatin"",""Cyclophosphamide""]",[],[],[],true,at_least_two_direct_components_lexically_grounded_in_regimen_name
1381,ip cisplatin and paclitaxel,2,2,"[""Cisplatin"",""Paclitaxel""]",[],[],[],true,at_least_two_direct_components_lexically_grounded_in_regimen_name
1382,ip-bcd,5,0,[],"[""Bleomycin"",""Cisplatin"",""Cyclophosphamide"",""dactinomycin"",""Ifosfamide""]",[],[],false,fewer_than_two_direct_lexical_components
1383,ipb,3,0,[],"[""Bevacizumab"",""Cisplatin"",""Irinotecan""]",[],[],false,fewer_than_two_direct_lexical_components
1384,ipilimumab and nivolumab,2,2,"[""Ipilimumab"",""Nivolumab""]",[],[],[],true,at_least_two_direct_components_lexically_grounded_in_regimen_name
1385,ipilimumab and rt,1,0,[],"[""Ipilimumab""]",[],[],false,fewer_than_two_direct_lexical_components
1386,ipilimumab monotherapy,1,0,[],"[""Ipilimumab""]",[],[],false,fewer_than_two_direct_lexical_components
1387,ipilimumab-nivolumab,2,2,"[""Ipilimumab"",""Nivolumab""]",[],[],[],true,at_least_two_direct_components_lexically_grounded_in_regimen_name
1388,iptacopan monotherapy,1,0,[],"[""iptacopan""]",[],[],false,fewer_than_two_direct_lexical_components
1389,ir-chop/r-dhaox,5,0,[],"[""Cyclophosphamide"",""Ibrutinib"",""Oxaliplatin"",""Rituximab"",""Vincristine""]",[],[],false,fewer_than_two_direct_lexical_components
1390,ir-chop/r-dhap,5,0,[],"[""Cisplatin"",""Cyclophosphamide"",""Ibrutinib"",""Rituximab"",""Vincristine""]",[],[],false,fewer_than_two_direct_lexical_components
1391,ird,2,0,[],"[""Ixazomib"",""Lenalidomide""]",[],[],false,fewer_than_two_direct_lexical_components
1392,irinotecan and bevacizumab,2,2,"[""Bevacizumab"",""Irinotecan""]",[],[],[],true,at_least_two_direct_components_lexically_grounded_in_regimen_name
1393,irinotecan and cetuximab,2,2,"[""Cetuximab"",""Irinotecan""]",[],[],[],true,at_least_two_direct_components_lexically_grounded_in_regimen_name
1394,irinotecan and mitomycin,2,2,"[""Irinotecan"",""Mitomycin""]",[],[],[],true,at_least_two_direct_components_lexically_grounded_in_regimen_name
1395,irinotecan and temozolomide,2,2,"[""Irinotecan"",""Temozolomide""]",[],[],[],true,at_least_two_direct_components_lexically_grounded_in_regimen_name
1396,irinotecan liposomal monotherapy,1,0,[],"[""Irinotecan""]",[],[],false,fewer_than_two_direct_lexical_components
1397,irinotecan monotherapy,1,0,[],"[""Irinotecan""]",[],[],false,fewer_than_two_direct_lexical_components
1398,"irinotecan, temozolomide, dinutuximab",3,3,"[""dinutuximab"",""Irinotecan"",""Temozolomide""]",[],[],[],true,at_least_two_direct_components_lexically_grounded_in_regimen_name
1399,"irinotecan, vemurafenib, cetuximab",3,3,"[""Cetuximab"",""Irinotecan"",""Vemurafenib""]",[],[],[],true,at_least_two_direct_components_lexically_grounded_in_regimen_name
1400,iris,1,0,[],"[""Irinotecan""]",[],[],false,fewer_than_two_direct_lexical_components
1401,iris and bevacizumab,2,0,[],"[""Bevacizumab"",""Irinotecan""]",[],[],false,fewer_than_two_direct_lexical_components
1402,irox,2,0,[],"[""Irinotecan"",""Oxaliplatin""]",[],[],false,fewer_than_two_direct_lexical_components
1403,isa-kd,2,0,[],"[""Carfilzomib"",""isatuximab""]",[],[],false,fewer_than_two_direct_lexical_components
1404,isa-pd,2,0,[],"[""isatuximab"",""Pomalidomide""]",[],[],false,fewer_than_two_direct_lexical_components
1405,isa-rvd,3,0,[],"[""Bortezomib"",""isatuximab"",""Lenalidomide""]",[],[],false,fewer_than_two_direct_lexical_components
1406,isotretinoin and dinutuximab beta,2,2,"[""dinutuximab"",""isotretinoin""]",[],[],[],true,at_least_two_direct_components_lexically_grounded_in_regimen_name
1407,isotretinoin monotherapy,1,0,[],"[""isotretinoin""]",[],[],false,fewer_than_two_direct_lexical_components
1408,ivac,4,0,[],"[""Etoposide"",""Ifosfamide"",""Mesna"",""Methotrexate""]",[],[],false,fewer_than_two_direct_lexical_components
1409,ive,3,0,[],"[""Epirubicin"",""Etoposide"",""Ifosfamide""]",[],[],false,fewer_than_two_direct_lexical_components
1410,ivosidenib monotherapy,1,0,[],"[""ivosidenib""]",[],[],false,fewer_than_two_direct_lexical_components
1411,ixabepilone monotherapy,1,0,[],"[""ixabepilone""]",[],[],false,fewer_than_two_direct_lexical_components
1412,ixazomib and dexamethasone,2,0,[],"[""Ifosfamide"",""Ixazomib""]",[],"[""Dexamethasone""]",false,explicit_curated_component_missing_from_uotd_links
1413,ixazomib monotherapy,1,0,[],"[""Ixazomib""]",[],[],false,fewer_than_two_direct_lexical_components
1414,jeb,3,0,[],"[""Bleomycin"",""Carboplatin"",""Etoposide""]",[],[],false,fewer_than_two_direct_lexical_components
1415,kave,2,0,[],"[""estramustine"",""ketoconazole""]",[],[],false,fewer_than_two_direct_lexical_components
1416,kcd,2,0,[],"[""Carfilzomib"",""Cyclophosphamide""]",[],[],false,fewer_than_two_direct_lexical_components
1417,kd-pace,4,0,[],"[""Carfilzomib"",""Cisplatin"",""Cyclophosphamide"",""Etoposide""]",[],[],false,fewer_than_two_direct_lexical_components
1418,ketoconazole and hydrocortisone,2,2,"[""hydrocortisone"",""ketoconazole""]",[],[],[],true,at_least_two_direct_components_lexically_grounded_in_regimen_name
1419,"ketoconazole, hydrocortisone, dutasteride",3,3,"[""dutasteride"",""hydrocortisone"",""ketoconazole""]",[],[],[],true,at_least_two_direct_components_lexically_grounded_in_regimen_name
1420,kgc,1,0,[],"[""carbenicillin""]",[],[],false,fewer_than_two_direct_lexical_components
1421,kmp,5,0,[],"[""Carfilzomib"",""Lomustine"",""Melphalan"",""Methotrexate"",""Procarbazine""]",[],[],false,fewer_than_two_direct_lexical_components
1422,krd-pace,5,0,[],"[""Carfilzomib"",""Cisplatin"",""Cyclophosphamide"",""Etoposide"",""Lenalidomide""]",[],[],false,fewer_than_two_direct_lexical_components
1423,krdc,3,0,[],"[""Carfilzomib"",""Cyclophosphamide"",""Lenalidomide""]",[],[],false,fewer_than_two_direct_lexical_components
1424,ktd,2,0,[],"[""Carfilzomib"",""Thalidomide""]",[],[],false,fewer_than_two_direct_lexical_components
1425,l-asparaginase and methotrexate,2,2,"[""Asparaginase"",""Methotrexate""]",[],[],[],true,at_least_two_direct_components_lexically_grounded_in_regimen_name
1426,l-asparaginase monotherapy,1,0,[],"[""Asparaginase""]",[],[],false,fewer_than_two_direct_lexical_components
1427,"l-asparaginase, vincristine, dexamethasone",2,0,[],"[""Asparaginase"",""Vincristine""]",[],"[""Dexamethasone""]",false,explicit_curated_component_missing_from_uotd_links
1428,"l-asparaginase, vincristine, prednisolone",2,2,"[""Asparaginase"",""Vincristine""]",[],[],[],true,at_least_two_direct_components_lexically_grounded_in_regimen_name
1429,"l-asparaginase, vincristine, prednisone",2,0,[],"[""Asparaginase"",""Vincristine""]",[],"[""Prednisone""]",false,explicit_curated_component_missing_from_uotd_links
1430,l-cf,1,0,[],"[""folic acid""]",[],[],false,fewer_than_two_direct_lexical_components
1431,l-vam,2,0,[],"[""Leuprolide"",""Mitomycin""]",[],[],false,fewer_than_two_direct_lexical_components
1432,lam,2,0,[],"[""Asparaginase"",""Methotrexate""]",[],[],false,fewer_than_two_direct_lexical_components
1433,lampp,2,0,[],"[""Asparaginase"",""Methotrexate""]",[],[],false,fewer_than_two_direct_lexical_components
1434,lanreotide and interferon alfa-2b,2,0,[],"[""interferon gamma-1b"",""lanreotide""]",[],[],false,fewer_than_two_direct_lexical_components
1435,lanreotide depot/autogel monotherapy,1,0,[],"[""lanreotide""]",[],[],false,fewer_than_two_direct_lexical_components
1436,lanreotide lar monotherapy,0,0,[],[],[],[],false,fewer_than_two_direct_lexical_components
1437,lanreotide monotherapy,1,0,[],"[""lanreotide""]",[],[],false,fewer_than_two_direct_lexical_components
1438,lapatinib and letrozole,2,2,"[""lapatinib"",""Letrozole""]",[],[],[],true,at_least_two_direct_components_lexically_grounded_in_regimen_name
1439,lapatinib and paclitaxel (tl),2,2,"[""lapatinib"",""Paclitaxel""]",[],[],[],true,at_least_two_direct_components_lexically_grounded_in_regimen_name
1440,lapatinib and trastuzumab,2,2,"[""lapatinib"",""Trastuzumab""]",[],[],[],true,at_least_two_direct_components_lexically_grounded_in_regimen_name
1441,lapatinib monotherapy,1,0,[],"[""lapatinib""]",[],[],false,fewer_than_two_direct_lexical_components
1442,"lapatinib, letrozole, trastuzumab",3,3,"[""lapatinib"",""Letrozole"",""Trastuzumab""]",[],[],[],true,at_least_two_direct_components_lexically_grounded_in_regimen_name
1443,lapoca,2,0,[],"[""Asparaginase"",""Vincristine""]",[],[],false,fewer_than_two_direct_lexical_components
1444,larotrectinib monotherapy,1,0,[],"[""larotrectinib""]",[],[],false,fewer_than_two_direct_lexical_components
1445,larson regimen (245),3,0,[],"[""Asparaginase"",""Cyclophosphamide"",""Vincristine""]",[],[],false,fewer_than_two_direct_lexical_components
1446,lazertinib monotherapy,1,0,[],"[""lazertinib""]",[],[],false,fewer_than_two_direct_lexical_components
1447,ldcf,2,0,[],"[""Cisplatin"",""Fluorouracil""]",[],[],false,fewer_than_two_direct_lexical_components
1448,leed,3,0,[],"[""Cyclophosphamide"",""Etoposide"",""Melphalan""]",[],[],false,fewer_than_two_direct_lexical_components
1449,lenalidomide and dexamethasone (rd),1,0,[],"[""Lenalidomide""]",[],"[""Dexamethasone""]",false,explicit_curated_component_missing_from_uotd_links
1450,lenalidomide and ofatumumab,2,2,"[""Lenalidomide"",""ofatumumab""]",[],[],[],true,at_least_two_direct_components_lexically_grounded_in_regimen_name
1451,lenalidomide and prednisone (rp),1,0,[],"[""Lenalidomide""]",[],"[""Prednisone""]",false,explicit_curated_component_missing_from_uotd_links
1452,lenalidomide and rituximab (r2),2,2,"[""Lenalidomide"",""Rituximab""]",[],[],[],true,at_least_two_direct_components_lexically_grounded_in_regimen_name
1453,lenalidomide and tafasitamab,2,2,"[""Lenalidomide"",""tafasitamab""]",[],[],[],true,at_least_two_direct_components_lexically_grounded_in_regimen_name
1454,lenalidomide monotherapy,1,0,[],"[""Lenalidomide""]",[],[],false,fewer_than_two_direct_lexical_components
1455,"lenalidomide, dexamethasone, rituximab",2,0,[],"[""Lenalidomide"",""Rituximab""]",[],"[""Dexamethasone""]",false,explicit_curated_component_missing_from_uotd_links
1456,lenvatinib and pembrolizumab,2,2,"[""Lenvatinib"",""Pembrolizumab""]",[],[],[],true,at_least_two_direct_components_lexically_grounded_in_regimen_name
1457,lenvatinib and tace,1,0,[],"[""Lenvatinib""]",[],[],false,fewer_than_two_direct_lexical_components
1458,lenvatinib monotherapy,1,0,[],"[""Lenvatinib""]",[],[],false,fewer_than_two_direct_lexical_components
1459,lepirudin monotherapy,1,0,[],"[""lepirudin""]",[],[],false,fewer_than_two_direct_lexical_components
1460,letrozole and bevacizumab,2,2,"[""Bevacizumab"",""Letrozole""]",[],[],[],true,at_least_two_direct_components_lexically_grounded_in_regimen_name
1461,letrozole and palbociclib,2,2,"[""Letrozole"",""Palbociclib""]",[],[],[],true,at_least_two_direct_components_lexically_grounded_in_regimen_name
1462,letrozole and ribociclib,2,2,"[""Letrozole"",""Ribociclib""]",[],[],[],true,at_least_two_direct_components_lexically_grounded_in_regimen_name
1463,letrozole and trastuzumab,2,2,"[""Letrozole"",""Trastuzumab""]",[],[],[],true,at_least_two_direct_components_lexically_grounded_in_regimen_name
1464,letrozole monotherapy,1,0,[],"[""Letrozole""]",[],[],false,fewer_than_two_direct_lexical_components
1465,letrozole-tamoxifen,2,2,"[""Letrozole"",""Tamoxifen""]",[],[],[],true,at_least_two_direct_components_lexically_grounded_in_regimen_name
1466,leuprolide monotherapy,1,0,[],"[""Leuprolide""]",[],[],false,fewer_than_two_direct_lexical_components
1467,lev,1,0,[],"[""Fluorouracil""]",[],[],false,fewer_than_two_direct_lexical_components
1468,levamisole monotherapy,0,0,[],[],[],[],false,fewer_than_two_direct_lexical_components
1469,lifileucel and il-2,1,0,[],"[""aldesleukin""]",[],[],false,fewer_than_two_direct_lexical_components
1470,linker regimen (consolidation),4,0,[],"[""Asparaginase"",""Methotrexate"",""teniposide"",""Vincristine""]",[],[],false,fewer_than_two_direct_lexical_components
1471,linker regimen induction,2,0,[],"[""Asparaginase"",""Vincristine""]",[],[],false,fewer_than_two_direct_lexical_components
1472,linker regimen maintenance,2,0,[],"[""Mercaptopurine"",""Methotrexate""]",[],[],false,fewer_than_two_direct_lexical_components
1473,linsitinib monotherapy,0,0,[],[],[],[],false,fewer_than_two_direct_lexical_components
1474,lisocabtagene maraleucel monotherapy,1,0,[],"[""lisocabtagene maraleucel""]",[],[],false,fewer_than_two_direct_lexical_components
1475,lmf,3,0,[],"[""Chlorambucil"",""Fluorouracil"",""Methotrexate""]",[],[],false,fewer_than_two_direct_lexical_components
1476,lobaplatin and fluorouracil,1,0,[],"[""Fluorouracil""]",[],[],false,fewer_than_two_direct_lexical_components
1477,lodac and venetoclax,1,0,[],"[""Venetoclax""]",[],[],false,fewer_than_two_direct_lexical_components
1478,lomac,4,0,[],"[""Cyclophosphamide"",""folic acid"",""Methotrexate"",""Vincristine""]",[],[],false,fewer_than_two_direct_lexical_components
1479,lomustine and bevacizumab,2,2,"[""Bevacizumab"",""Lomustine""]",[],[],[],true,at_least_two_direct_components_lexically_grounded_in_regimen_name
1480,lomustine monotherapy,1,0,[],"[""Lomustine""]",[],[],false,fewer_than_two_direct_lexical_components
1481,"lomustine, methotrexate, procarbazine",7,3,"[""Lomustine"",""Methotrexate"",""Procarbazine""]","[""Chlorambucil"",""Cyclophosphamide"",""Melphalan"",""mitoxantrone""]",[],[],true,at_least_two_direct_components_lexically_grounded_in_regimen_name
1482,"lomustine, methotrexate, procarbazine, methylprednisolone",3,0,[],"[""Lomustine"",""Methotrexate"",""Procarbazine""]",[],"[""Methylprednisolone""]",false,explicit_curated_component_missing_from_uotd_links
1483,"lomustine, temozolomide, rt",2,2,"[""Lomustine"",""Temozolomide""]",[],[],[],true,at_least_two_direct_components_lexically_grounded_in_regimen_name
1484,loncastuximab tesirine monotherapy,1,0,[],"[""loncastuximab tesirine""]",[],[],false,fewer_than_two_direct_lexical_components
1485,lopp,3,0,[],"[""Chlorambucil"",""Procarbazine"",""Vincristine""]",[],[],false,fewer_than_two_direct_lexical_components
1486,lopp/evap,4,0,[],"[""Chlorambucil"",""Etoposide"",""Procarbazine"",""Vincristine""]",[],[],false,fewer_than_two_direct_lexical_components
1487,lorlatinib monotherapy,1,0,[],"[""Lorlatinib""]",[],[],false,fewer_than_two_direct_lexical_components
1488,low-dose cytarabine monotherapy (lodac),0,0,[],[],[],"[""Cytarabine""]",false,explicit_curated_component_missing_from_uotd_links
1489,low-dose interleukin-2,1,0,[],"[""aldesleukin""]",[],[],false,fewer_than_two_direct_lexical_components
1490,"low-dose tbi, then allo hsct",1,0,[],"[""Melphalan""]",[],[],false,fewer_than_two_direct_lexical_components
1491,lsa2-l2,7,0,[],"[""Asparaginase"",""Carmustine"",""Cyclophosphamide"",""Hydroxyurea"",""Methotrexate"",""Thioguanine"",""Vincristine""]",[],[],false,fewer_than_two_direct_lexical_components
1492,lsg15,4,0,[],"[""Carboplatin"",""Cyclophosphamide"",""Etoposide"",""Vincristine""]",[],[],false,fewer_than_two_direct_lexical_components
1493,lurbinectedin monotherapy,1,0,[],"[""lurbinectedin""]",[],[],false,fewer_than_two_direct_lexical_components
1494,luspatercept monotherapy,1,0,[],"[""luspatercept""]",[],[],false,fewer_than_two_direct_lexical_components
1495,lusutrombopag monotherapy,1,0,[],"[""lusutrombopag""]",[],[],false,fewer_than_two_direct_lexical_components
1496,lutetium lu 177 dotatate and octreotide lar,1,0,[],"[""dotatate""]",[],[],false,fewer_than_two_direct_lexical_components
1497,lvvp,2,0,[],"[""Chlorambucil"",""Vincristine""]",[],[],false,fewer_than_two_direct_lexical_components
1498,m-bacod,4,0,[],"[""Bleomycin"",""Cyclophosphamide"",""Methotrexate"",""Vincristine""]",[],[],false,fewer_than_two_direct_lexical_components
1499,m-bacos,4,0,[],"[""Bleomycin"",""Cyclophosphamide"",""Methotrexate"",""Vincristine""]",[],[],false,fewer_than_two_direct_lexical_components
1500,m-bam,2,0,[],"[""alemtuzumab"",""Cyclophosphamide""]",[],[],false,fewer_than_two_direct_lexical_components
1501,m-bcd,4,0,[],"[""Bleomycin"",""Cyclophosphamide"",""dactinomycin"",""Methotrexate""]",[],[],false,fewer_than_two_direct_lexical_components
1502,m-ei,3,0,[],"[""Etoposide"",""Ifosfamide"",""Methotrexate""]",[],[],false,fewer_than_two_direct_lexical_components
1503,m-tip,4,0,[],"[""Cisplatin"",""Ifosfamide"",""Methotrexate"",""Paclitaxel""]",[],[],false,fewer_than_two_direct_lexical_components
1504,ma-bcd,4,0,[],"[""Bleomycin"",""Cyclophosphamide"",""dactinomycin"",""Methotrexate""]",[],[],false,fewer_than_two_direct_lexical_components
1505,mabop,3,0,[],"[""Bleomycin"",""mechlorethamine"",""Vincristine""]",[],[],false,fewer_than_two_direct_lexical_components
1506,macc,3,0,[],"[""Cyclophosphamide"",""Lomustine"",""Methotrexate""]",[],[],false,fewer_than_two_direct_lexical_components
1507,mace,4,0,[],"[""amsacrine"",""Cyclophosphamide"",""Etoposide"",""Methotrexate""]",[],[],false,fewer_than_two_direct_lexical_components
1508,macho,4,0,[],"[""Asparaginase"",""Cyclophosphamide"",""Methotrexate"",""Vincristine""]",[],[],false,fewer_than_two_direct_lexical_components
1509,machover regimen,2,0,[],"[""Fluorouracil"",""folic acid""]",[],[],false,fewer_than_two_direct_lexical_components
1510,macop-b,4,0,[],"[""Bleomycin"",""Cyclophosphamide"",""Methotrexate"",""Vincristine""]",[],[],false,fewer_than_two_direct_lexical_components
1511,mad,0,0,[],[],[],[],false,fewer_than_two_direct_lexical_components
1512,maddoc,5,0,[],"[""Cisplatin"",""Cyclophosphamide"",""Dacarbazine"",""mechlorethamine"",""Vincristine""]",[],[],false,fewer_than_two_direct_lexical_components
1513,magrath protocol,4,0,[],"[""Cyclophosphamide"",""folic acid"",""Methotrexate"",""Vincristine""]",[],[],false,fewer_than_two_direct_lexical_components
1514,maid,2,0,[],"[""Dacarbazine"",""Ifosfamide""]",[],[],false,fewer_than_two_direct_lexical_components
1515,map,3,0,[],"[""Cisplatin"",""folic acid"",""Methotrexate""]",[],[],false,fewer_than_two_direct_lexical_components
1516,mapi,3,0,[],"[""Cisplatin"",""Ifosfamide"",""Methotrexate""]",[],[],false,fewer_than_two_direct_lexical_components
1517,mapifn,3,0,[],"[""Cisplatin"",""Methotrexate"",""peginterferon alfa-2b""]",[],[],false,fewer_than_two_direct_lexical_components
1518,matrix,3,0,[],"[""Methotrexate"",""Rituximab"",""thiotepa""]",[],[],false,fewer_than_two_direct_lexical_components
1519,maxi-r-chop/r-hidac,3,0,[],"[""Cyclophosphamide"",""Rituximab"",""Vincristine""]",[],[],false,fewer_than_two_direct_lexical_components
1520,maze,2,0,[],"[""Azacitidine"",""Etoposide""]",[],[],false,fewer_than_two_direct_lexical_components
1521,mbc,3,0,[],"[""Bleomycin"",""Cisplatin"",""Methotrexate""]",[],[],false,fewer_than_two_direct_lexical_components
1522,mbvp,3,0,[],"[""Carmustine"",""Methotrexate"",""teniposide""]",[],[],false,fewer_than_two_direct_lexical_components
1523,mcbp,3,0,[],"[""Carmustine"",""Cyclophosphamide"",""Melphalan""]",[],[],false,fewer_than_two_direct_lexical_components
1524,mcf,3,0,[],"[""Cisplatin"",""Fluorouracil"",""Mitomycin""]",[],[],false,fewer_than_two_direct_lexical_components
1525,mcop/mp,3,0,[],"[""Cyclophosphamide"",""Melphalan"",""Vincristine""]",[],[],false,fewer_than_two_direct_lexical_components
1526,mcv,2,0,[],"[""Cisplatin"",""Methotrexate""]",[],[],false,fewer_than_two_direct_lexical_components
1527,mdcf,3,0,[],"[""Cisplatin"",""Docetaxel"",""Fluorouracil""]",[],[],false,fewer_than_two_direct_lexical_components
1528,mdcf and bevacizumab,5,0,[],"[""Bevacizumab"",""Cisplatin"",""Docetaxel"",""Fluorouracil"",""folic acid""]",[],[],false,fewer_than_two_direct_lexical_components
1529,mdlo,3,0,[],"[""Lorazepam"",""Metoclopramide"",""Ondansetron""]",[],[],false,fewer_than_two_direct_lexical_components
1530,mecy,2,0,[],"[""Cyclophosphamide"",""Methotrexate""]",[],[],false,fewer_than_two_direct_lexical_components
1531,medroxyprogesterone acetate and tamoxifen,2,2,"[""medroxyprogesterone"",""Tamoxifen""]",[],[],[],true,at_least_two_direct_components_lexically_grounded_in_regimen_name
1532,medroxyprogesterone acetate monotherapy,1,0,[],"[""medroxyprogesterone""]",[],[],false,fewer_than_two_direct_lexical_components
1533,mefa,1,0,[],"[""Fluorouracil""]",[],[],false,fewer_than_two_direct_lexical_components
1534,megestrol and tamoxifen,2,2,"[""Megestrol"",""Tamoxifen""]",[],[],[],true,at_least_two_direct_components_lexically_grounded_in_regimen_name
1535,megestrol monotherapy,1,0,[],"[""Megestrol""]",[],[],false,fewer_than_two_direct_lexical_components
1536,"mel200, then mel220 and dexamethasone",1,0,[],"[""Melphalan""]",[],"[""Dexamethasone""]",false,explicit_curated_component_missing_from_uotd_links
1537,melphalan and dexamethasone,1,0,[],"[""Melphalan""]",[],"[""Dexamethasone""]",false,explicit_curated_component_missing_from_uotd_links
1538,melphalan and methylprednisolone,1,0,[],"[""Melphalan""]",[],"[""Methylprednisolone""]",false,explicit_curated_component_missing_from_uotd_links
1539,melphalan and prednisone (mp),1,0,[],"[""Melphalan""]",[],"[""Prednisone""]",false,explicit_curated_component_missing_from_uotd_links
1540,melphalan flufenamide and dexamethasone,1,0,[],"[""melphalan flufenamide""]",[],"[""Dexamethasone"",""Melphalan""]",false,explicit_curated_component_missing_from_uotd_links
1541,"melphalan monotherapy, then busulfan and fludarabine, then allo hsct",4,3,"[""Busulfan"",""fludarabine"",""Melphalan""]","[""lymphocyte immune globulin, anti-thymocyte globulin""]",[],[],true,at_least_two_direct_components_lexically_grounded_in_regimen_name
1542,"melphalan monotherapy, then melphalan and busulfan",2,2,"[""Busulfan"",""Melphalan""]",[],[],[],true,at_least_two_direct_components_lexically_grounded_in_regimen_name
1543,"melphalan monotherapy, then melphalan and tbi",1,0,[],"[""Melphalan""]",[],[],false,fewer_than_two_direct_lexical_components
1544,"melphalan monotherapy, then tbi, then allo hsct",1,0,[],"[""Melphalan""]",[],[],false,fewer_than_two_direct_lexical_components
1545,mepolizumab monotherapy,1,0,[],"[""mepolizumab""]",[],[],false,fewer_than_two_direct_lexical_components
1546,mercaptopurine and methotrexate,2,2,"[""Mercaptopurine"",""Methotrexate""]",[],[],[],true,at_least_two_direct_components_lexically_grounded_in_regimen_name
1547,mercaptopurine and prednisone,1,0,[],"[""Mercaptopurine""]",[],"[""Prednisone""]",false,explicit_curated_component_missing_from_uotd_links
1548,mercaptopurine and vincristine,2,2,"[""Mercaptopurine"",""Vincristine""]",[],[],[],true,at_least_two_direct_components_lexically_grounded_in_regimen_name
1549,mercaptopurine and wbrt,1,0,[],"[""Mercaptopurine""]",[],[],false,fewer_than_two_direct_lexical_components
1550,mercaptopurine monotherapy,1,0,[],"[""Mercaptopurine""]",[],[],false,fewer_than_two_direct_lexical_components
1551,"mercaptopurine, methotrexate, vinblastine, prednisolone",2,0,[],"[""Mercaptopurine"",""Methotrexate""]",[],"[""Vinblastine""]",false,explicit_curated_component_missing_from_uotd_links
1552,"mercaptopurine, methotrexate, vincristine",3,3,"[""Mercaptopurine"",""Methotrexate"",""Vincristine""]",[],[],[],true,at_least_two_direct_components_lexically_grounded_in_regimen_name
1553,"mercaptopurine, methotrexate, vincristine, dexamethasone",3,0,[],"[""Mercaptopurine"",""Methotrexate"",""Vincristine""]",[],"[""Dexamethasone""]",false,explicit_curated_component_missing_from_uotd_links
1554,"mercaptopurine, methotrexate, wb-xrt",2,2,"[""Mercaptopurine"",""Methotrexate""]",[],[],[],true,at_least_two_direct_components_lexically_grounded_in_regimen_name
1555,mesa/rt,3,0,[],"[""Etoposide"",""Methotrexate"",""pegaspargase""]",[],[],false,fewer_than_two_direct_lexical_components
1556,methotrexate and pegaspargase,2,2,"[""Methotrexate"",""pegaspargase""]",[],[],[],true,at_least_two_direct_components_lexically_grounded_in_regimen_name
1557,methotrexate and prednisone,1,0,[],"[""Methotrexate""]",[],"[""Prednisone""]",false,explicit_curated_component_missing_from_uotd_links
1558,methotrexate and rituximab,2,2,"[""Methotrexate"",""Rituximab""]",[],[],[],true,at_least_two_direct_components_lexically_grounded_in_regimen_name
1559,methotrexate and tacrolimus,2,2,"[""Methotrexate"",""tacrolimus""]",[],[],[],true,at_least_two_direct_components_lexically_grounded_in_regimen_name
1560,methotrexate and vinblastine,1,0,[],"[""Methotrexate""]",[],"[""Vinblastine""]",false,explicit_curated_component_missing_from_uotd_links
1561,methotrexate and vincristine,2,2,"[""Methotrexate"",""Vincristine""]",[],[],[],true,at_least_two_direct_components_lexically_grounded_in_regimen_name
1562,methotrexate monotherapy,1,0,[],"[""Methotrexate""]",[],[],false,fewer_than_two_direct_lexical_components
1563,"methotrexate, tacrolimus, vorinostat",3,3,"[""Methotrexate"",""tacrolimus"",""vorinostat""]",[],[],[],true,at_least_two_direct_components_lexically_grounded_in_regimen_name
1564,methotrexate-cytarabine,1,0,[],"[""Methotrexate""]",[],"[""Cytarabine""]",false,explicit_curated_component_missing_from_uotd_links
1565,methotrexate-cytarabine and thiotepa,2,0,[],"[""Methotrexate"",""thiotepa""]",[],"[""Cytarabine""]",false,explicit_curated_component_missing_from_uotd_links
1566,methylprednisolone monotherapy,0,0,[],[],[],"[""Methylprednisolone""]",false,explicit_curated_component_missing_from_uotd_links
1567,"metronidazole, tetracycline, ppi, bismuth",3,2,"[""metronidazole"",""tetracycline""]","[""Omeprazole""]",[],[],true,at_least_two_direct_components_lexically_grounded_in_regimen_name
1568,mfl,3,0,[],"[""Fluorouracil"",""folic acid"",""Methotrexate""]",[],[],false,fewer_than_two_direct_lexical_components
1569,mfolfox and sorafenib,4,0,[],"[""Fluorouracil"",""folic acid"",""Oxaliplatin"",""Sorafenib""]",[],[],false,fewer_than_two_direct_lexical_components
1570,mfolfox6 and nivolumab,4,0,[],"[""Fluorouracil"",""folic acid"",""Nivolumab"",""Oxaliplatin""]",[],[],false,fewer_than_two_direct_lexical_components
1571,mfolfox6 and panitumumab,4,0,[],"[""Fluorouracil"",""folic acid"",""Oxaliplatin"",""Panitumumab""]",[],[],false,fewer_than_two_direct_lexical_components
1572,mfolfox6 and pembrolizumab,3,0,[],"[""folic acid"",""Oxaliplatin"",""Pembrolizumab""]",[],[],false,fewer_than_two_direct_lexical_components
1573,mfolfox6 and rt,3,0,[],"[""Fluorouracil"",""folic acid"",""Oxaliplatin""]",[],[],false,fewer_than_two_direct_lexical_components
1574,mfolfoxiri and cetuximab (l-leucovorin),5,0,[],"[""Cetuximab"",""Fluorouracil"",""folic acid"",""Irinotecan"",""Oxaliplatin""]",[],"[""Leucovorin""]",false,explicit_curated_component_missing_from_uotd_links
1575,mfp,3,0,[],"[""Fluorouracil"",""medroxyprogesterone"",""Melphalan""]",[],[],false,fewer_than_two_direct_lexical_components
1576,mic,3,0,[],"[""Cisplatin"",""Ifosfamide"",""Mitomycin""]",[],[],false,fewer_than_two_direct_lexical_components
1577,midostaurin monotherapy,1,0,[],"[""midostaurin""]",[],[],false,fewer_than_two_direct_lexical_components
1578,mine,4,0,[],"[""Etoposide"",""Ifosfamide"",""Mesna"",""mitoxantrone""]",[],[],false,fewer_than_two_direct_lexical_components
1579,mine-eshap,5,0,[],"[""Cisplatin"",""Etoposide"",""Ifosfamide"",""Mesna"",""mitoxantrone""]",[],[],false,fewer_than_two_direct_lexical_components
1580,mini-hyper-cvd/ma and inotuzumab ozogamicin,4,0,[],"[""Cyclophosphamide"",""inotuzumab ozogamicin"",""Methotrexate"",""Vincristine""]",[],[],false,fewer_than_two_direct_lexical_components
1581,minichop-f,3,0,[],"[""Cyclophosphamide"",""fludarabine"",""Vincristine""]",[],[],false,fewer_than_two_direct_lexical_components
1582,mirvetuximab soravtansine monotherapy,1,0,[],"[""mirvetuximab soravtansine""]",[],[],false,fewer_than_two_direct_lexical_components
1583,mito-flag,2,0,[],"[""fludarabine"",""mitoxantrone""]",[],[],false,fewer_than_two_direct_lexical_components
1584,mitomycin and vinblastine (mv),1,0,[],"[""Mitomycin""]",[],"[""Vinblastine""]",false,explicit_curated_component_missing_from_uotd_links
1585,mitomycin pyelocalyceal monotherapy,0,0,[],[],[],"[""Mitomycin""]",false,explicit_curated_component_missing_from_uotd_links
1586,mitotane and edp,3,0,[],"[""Cisplatin"",""Etoposide"",""mitotane""]",[],[],false,fewer_than_two_direct_lexical_components
1587,mitotane and streptozocin,2,2,"[""mitotane"",""streptozocin""]",[],[],[],true,at_least_two_direct_components_lexically_grounded_in_regimen_name
1588,mitotane monotherapy,1,0,[],"[""mitotane""]",[],[],false,fewer_than_two_direct_lexical_components
1589,mitoxantrone and hydrocortisone,2,2,"[""hydrocortisone"",""mitoxantrone""]",[],[],[],true,at_least_two_direct_components_lexically_grounded_in_regimen_name
1590,mitoxantrone and prednisone,1,0,[],"[""mitoxantrone""]",[],"[""Prednisone""]",false,explicit_curated_component_missing_from_uotd_links
1591,mitoxantrone and vinorelbine (mv),3,2,"[""mitoxantrone"",""Vinorelbine""]","[""Etoposide""]",[],[],true,at_least_two_direct_components_lexically_grounded_in_regimen_name
1592,mitoxantrone monotherapy,1,0,[],"[""mitoxantrone""]",[],[],false,fewer_than_two_direct_lexical_components
1593,"mitoxantrone, asparaginase erwinia chrysanthemi, vincristine, dexamethasone",3,0,[],"[""Asparaginase"",""mitoxantrone"",""Vincristine""]",[],"[""Dexamethasone""]",false,explicit_curated_component_missing_from_uotd_links
1594,"mitoxantrone, pegaspargase, vincristine, dexamethasone",3,0,[],"[""mitoxantrone"",""pegaspargase"",""Vincristine""]",[],"[""Dexamethasone""]",false,explicit_curated_component_missing_from_uotd_links
1595,mlsg15,4,0,[],"[""Carboplatin"",""Cyclophosphamide"",""Etoposide"",""Vincristine""]",[],[],false,fewer_than_two_direct_lexical_components
1596,mmm,3,0,[],"[""Methotrexate"",""Mitomycin"",""mitoxantrone""]",[],[],false,fewer_than_two_direct_lexical_components
1597,mmopp,4,0,[],"[""mechlorethamine"",""Methotrexate"",""Procarbazine"",""Vincristine""]",[],[],false,fewer_than_two_direct_lexical_components
1598,mmv,3,0,[],"[""Methotrexate"",""Mitomycin"",""Vincristine""]",[],[],false,fewer_than_two_direct_lexical_components
1599,moad,3,0,[],"[""Asparaginase"",""Methotrexate"",""Vincristine""]",[],[],false,fewer_than_two_direct_lexical_components
1600,moap,3,0,[],"[""Methotrexate"",""pegaspargase"",""Vincristine""]",[],[],false,fewer_than_two_direct_lexical_components
1601,mob,3,0,[],"[""Bleomycin"",""mechlorethamine"",""Vincristine""]",[],[],false,fewer_than_two_direct_lexical_components
1602,mobocertinib monotherapy,1,0,[],"[""mobocertinib""]",[],[],false,fewer_than_two_direct_lexical_components
1603,mobp,4,0,[],"[""Bleomycin"",""Cisplatin"",""Mitomycin"",""Vincristine""]",[],[],false,fewer_than_two_direct_lexical_components
1604,mof,2,0,[],"[""Fluorouracil"",""Vincristine""]",[],[],false,fewer_than_two_direct_lexical_components
1605,mof-s,3,0,[],"[""Fluorouracil"",""streptozocin"",""Vincristine""]",[],[],false,fewer_than_two_direct_lexical_components
1606,mogamulizumab monotherapy,1,0,[],"[""mogamulizumab""]",[],[],false,fewer_than_two_direct_lexical_components
1607,momp,3,0,[],"[""mechlorethamine"",""Methotrexate"",""Vincristine""]",[],[],false,fewer_than_two_direct_lexical_components
1608,mop-bap,4,0,[],"[""Bleomycin"",""mechlorethamine"",""Procarbazine"",""Vincristine""]",[],[],false,fewer_than_two_direct_lexical_components
1609,mopp,3,0,[],"[""mechlorethamine"",""Procarbazine"",""Vincristine""]",[],[],false,fewer_than_two_direct_lexical_components
1610,mopp-abv,4,0,[],"[""Bleomycin"",""mechlorethamine"",""Procarbazine"",""Vincristine""]",[],[],false,fewer_than_two_direct_lexical_components
1611,mopp-abvd,5,0,[],"[""Bleomycin"",""Dacarbazine"",""mechlorethamine"",""Procarbazine"",""Vincristine""]",[],[],false,fewer_than_two_direct_lexical_components
1612,mopp/abvd,5,0,[],"[""Bleomycin"",""Dacarbazine"",""mechlorethamine"",""Procarbazine"",""Vincristine""]",[],[],false,fewer_than_two_direct_lexical_components
1613,moppldb,4,0,[],"[""Bleomycin"",""mechlorethamine"",""Procarbazine"",""Vincristine""]",[],[],false,fewer_than_two_direct_lexical_components
1614,mosunetuzumab monotherapy,1,0,[],"[""mosunetuzumab""]",[],[],false,fewer_than_two_direct_lexical_components
1615,moxetumomab pasudotox monotherapy,1,0,[],"[""moxetumomab pasudotox""]",[],[],false,fewer_than_two_direct_lexical_components
1616,mpfl,4,0,[],"[""Cisplatin"",""Fluorouracil"",""folic acid"",""Methotrexate""]",[],[],false,fewer_than_two_direct_lexical_components
1617,mpr,2,0,[],"[""Lenalidomide"",""Melphalan""]",[],[],false,fewer_than_two_direct_lexical_components
1618,mpt,2,0,[],"[""Melphalan"",""Thalidomide""]",[],[],false,fewer_than_two_direct_lexical_components
1619,mpv,8,0,[],"[""Bortezomib"",""Cisplatin"",""folic acid"",""Melphalan"",""Methotrexate"",""Mitomycin"",""Procarbazine"",""Vincristine""]",[],[],false,fewer_than_two_direct_lexical_components
1620,mrd,2,0,[],"[""Lenalidomide"",""Melphalan""]",[],[],false,fewer_than_two_direct_lexical_components
1621,mt-r,3,0,[],"[""Methotrexate"",""Rituximab"",""Temozolomide""]",[],[],false,fewer_than_two_direct_lexical_components
1622,mtx-cddpadr,3,0,[],"[""Cisplatin"",""folic acid"",""Methotrexate""]",[],[],false,fewer_than_two_direct_lexical_components
1623,mtx-cf,2,0,[],"[""folic acid"",""Methotrexate""]",[],[],false,fewer_than_two_direct_lexical_components
1624,mvac,2,0,[],"[""Cisplatin"",""Methotrexate""]",[],[],false,fewer_than_two_direct_lexical_components
1625,"mvac, dose-dense",2,0,[],"[""Cisplatin"",""Methotrexate""]",[],[],false,fewer_than_two_direct_lexical_components
1626,mvbp,3,0,[],"[""Carmustine"",""Etoposide"",""Methotrexate""]",[],[],false,fewer_than_two_direct_lexical_components
1627,mvec,3,0,[],"[""Cisplatin"",""Epirubicin"",""Methotrexate""]",[],[],false,fewer_than_two_direct_lexical_components
1628,mvf,3,0,[],"[""Fluorouracil"",""mitoxantrone"",""Vincristine""]",[],[],false,fewer_than_two_direct_lexical_components
1629,mvp and rt,2,0,[],"[""Cisplatin"",""Mitomycin""]",[],[],false,fewer_than_two_direct_lexical_components
1630,mvpp,2,0,[],"[""mechlorethamine"",""Procarbazine""]",[],[],false,fewer_than_two_direct_lexical_components
1631,mvt,3,0,[],"[""Etoposide"",""mitoxantrone"",""thiotepa""]",[],[],false,fewer_than_two_direct_lexical_components
1632,mvvpp,3,0,[],"[""mechlorethamine"",""Procarbazine"",""Vincristine""]",[],[],false,fewer_than_two_direct_lexical_components
1633,mycophenolate mofetil monotherapy,1,0,[],"[""mycophenolate mofetil""]",[],[],false,fewer_than_two_direct_lexical_components
1634,n5/n6,2,0,[],"[""Dacarbazine"",""Vincristine""]",[],[],false,fewer_than_two_direct_lexical_components
1635,nab-paclitaxel and atezolizumab,2,0,[],"[""Atezolizumab"",""Paclitaxel""]",[],"[""Nab-Paclitaxel""]",false,explicit_curated_component_missing_from_uotd_links
1636,nab-paclitaxel and pembrolizumab,2,0,[],"[""Paclitaxel"",""Pembrolizumab""]",[],"[""Nab-Paclitaxel""]",false,explicit_curated_component_missing_from_uotd_links
1637,nab-paclitaxel and toripalimab,2,0,[],"[""Paclitaxel"",""toripalimab""]",[],"[""Nab-Paclitaxel""]",false,explicit_curated_component_missing_from_uotd_links
1638,nab-paclitaxel and trastuzumab,2,0,[],"[""Paclitaxel"",""Trastuzumab""]",[],"[""Nab-Paclitaxel""]",false,explicit_curated_component_missing_from_uotd_links
1639,nab-paclitaxel monotherapy,1,0,[],"[""Paclitaxel""]",[],"[""Nab-Paclitaxel""]",false,explicit_curated_component_missing_from_uotd_links
1640,"nab-paclitaxel, pertuzumab, trastuzumab",3,0,[],"[""Paclitaxel"",""Pertuzumab"",""Trastuzumab""]",[],"[""Nab-Paclitaxel""]",false,explicit_curated_component_missing_from_uotd_links
1641,nab-sirolimus monotherapy,1,0,[],"[""sirolimus""]",[],[],false,fewer_than_two_direct_lexical_components
1642,nac,2,0,[],"[""Lomustine"",""mechlorethamine""]",[],[],false,fewer_than_two_direct_lexical_components
1643,nadofaragene firadenovec monotherapy,1,0,[],"[""nadofaragene firadenovec""]",[],[],false,fewer_than_two_direct_lexical_components
1644,nalirifox,4,0,[],"[""Fluorouracil"",""folic acid"",""Irinotecan"",""Oxaliplatin""]",[],[],false,fewer_than_two_direct_lexical_components
1645,naxitamab monotherapy,1,0,[],"[""naxitamab""]",[],[],false,fewer_than_two_direct_lexical_components
1646,nedaplatin and rt,0,0,[],[],[],[],false,fewer_than_two_direct_lexical_components
1647,nelarabine monotherapy,1,0,[],"[""nelarabine""]",[],[],false,fewer_than_two_direct_lexical_components
1648,"neratinib and paclitaxel, then ac",3,2,"[""neratinib"",""Paclitaxel""]","[""Cyclophosphamide""]",[],[],true,at_least_two_direct_components_lexically_grounded_in_regimen_name
1649,"neratinib and paclitaxel, then ddac",3,2,"[""neratinib"",""Paclitaxel""]","[""Cyclophosphamide""]",[],[],true,at_least_two_direct_components_lexically_grounded_in_regimen_name
1650,neratinib monotherapy,1,0,[],"[""neratinib""]",[],[],false,fewer_than_two_direct_lexical_components
1651,nfl,3,0,[],"[""Fluorouracil"",""folic acid"",""mitoxantrone""]",[],[],false,fewer_than_two_direct_lexical_components
1652,nilotinib monotherapy,1,0,[],"[""Nilotinib""]",[],[],false,fewer_than_two_direct_lexical_components
1653,nilotinib-based consolidation,4,0,[],"[""Etoposide"",""Methotrexate"",""Nilotinib"",""Vincristine""]",[],[],false,fewer_than_two_direct_lexical_components
1654,nilutamide and orchiectomy,1,0,[],"[""nilutamide""]",[],[],false,fewer_than_two_direct_lexical_components
1655,nimustine and rt,0,0,[],[],[],[],false,fewer_than_two_direct_lexical_components
1656,nintedanib and pemetrexed,2,2,"[""nintedanib"",""Pemetrexed""]",[],[],[],true,at_least_two_direct_components_lexically_grounded_in_regimen_name
1657,niraparib monotherapy,1,0,[],"[""Niraparib""]",[],[],false,fewer_than_two_direct_lexical_components
1658,nirogacestat monotherapy,1,0,[],"[""nirogacestat""]",[],[],false,fewer_than_two_direct_lexical_components
1659,nivolumab and relatlimab,1,0,[],"[""nivolumab / relatlimab""]",[],"[""Nivolumab""]",false,explicit_curated_component_missing_from_uotd_links
1660,nivolumab and rt,1,0,[],"[""Nivolumab""]",[],[],false,fewer_than_two_direct_lexical_components
1661,nivolumab monotherapy,1,0,[],"[""Nivolumab""]",[],[],false,fewer_than_two_direct_lexical_components
1662,nivolumab-ipilimumab,2,2,"[""Ipilimumab"",""Nivolumab""]",[],[],[],true,at_least_two_direct_components_lexically_grounded_in_regimen_name
1663,non-pegylated liposomal doxorubicin and bevacizumab,1,0,[],"[""Bevacizumab""]",[],"[""Pegylated Liposomal Doxorubicin""]",false,explicit_curated_component_missing_from_uotd_links
1664,non-pegylated liposomal doxorubicin monotherapy,0,0,[],[],[],"[""Pegylated Liposomal Doxorubicin""]",false,explicit_curated_component_missing_from_uotd_links
1665,"nordic regimen, older patients",4,0,[],"[""Cyclophosphamide"",""Ifosfamide"",""Methotrexate"",""Rituximab""]",[],[],false,fewer_than_two_direct_lexical_components
1666,"nordic regimen, younger patients",5,0,[],"[""Cyclophosphamide"",""Ifosfamide"",""Methotrexate"",""Rituximab"",""Vincristine""]",[],[],false,fewer_than_two_direct_lexical_components
1667,novp,2,0,[],"[""mitoxantrone"",""Vincristine""]",[],[],false,fewer_than_two_direct_lexical_components
1668,np-ddac,2,0,[],"[""Cyclophosphamide"",""Paclitaxel""]",[],[],false,fewer_than_two_direct_lexical_components
1669,np-ddac and atezolizumab,3,0,[],"[""Atezolizumab"",""Cyclophosphamide"",""Paclitaxel""]",[],[],false,fewer_than_two_direct_lexical_components
1670,np-ddec,3,0,[],"[""Cyclophosphamide"",""Epirubicin"",""Paclitaxel""]",[],[],false,fewer_than_two_direct_lexical_components
1671,np-ec,3,0,[],"[""Cyclophosphamide"",""Epirubicin"",""Paclitaxel""]",[],[],false,fewer_than_two_direct_lexical_components
1672,o-chop,3,0,[],"[""Cyclophosphamide"",""ofatumumab"",""Vincristine""]",[],[],false,fewer_than_two_direct_lexical_components
1673,o-dap,2,0,[],"[""Cisplatin"",""Vincristine""]",[],[],false,fewer_than_two_direct_lexical_components
1674,o-dhap,2,0,[],"[""Cisplatin"",""ofatumumab""]",[],[],false,fewer_than_two_direct_lexical_components
1675,o-eshap,3,0,[],"[""Cisplatin"",""Etoposide"",""ofatumumab""]",[],[],false,fewer_than_two_direct_lexical_components
1676,o-fc,3,0,[],"[""Cyclophosphamide"",""fludarabine"",""ofatumumab""]",[],[],false,fewer_than_two_direct_lexical_components
1677,o-ice,4,0,[],"[""Carboplatin"",""Etoposide"",""Ifosfamide"",""ofatumumab""]",[],[],false,fewer_than_two_direct_lexical_components
1678,o-minichop,3,0,[],"[""Cyclophosphamide"",""ofatumumab"",""Vincristine""]",[],[],false,fewer_than_two_direct_lexical_components
1679,oap,1,0,[],"[""Vincristine""]",[],[],false,fewer_than_two_direct_lexical_components
1680,oap-bleo,2,0,[],"[""Bleomycin"",""Vincristine""]",[],[],false,fewer_than_two_direct_lexical_components
1681,obinutuzumab monotherapy,1,0,[],"[""Obinutuzumab""]",[],[],false,fewer_than_two_direct_lexical_components
1682,octreotide and interferon alfa,2,0,[],"[""interferon gamma-1b"",""octreotide""]",[],[],false,fewer_than_two_direct_lexical_components
1683,octreotide and prednisone,1,0,[],"[""octreotide""]",[],"[""Prednisone""]",false,explicit_curated_component_missing_from_uotd_links
1684,octreotide lar monotherapy,0,0,[],[],[],[],false,fewer_than_two_direct_lexical_components
1685,octreotide monotherapy,1,0,[],"[""octreotide""]",[],[],false,fewer_than_two_direct_lexical_components
1686,oepa,2,0,[],"[""Etoposide"",""Vincristine""]",[],[],false,fewer_than_two_direct_lexical_components
1687,ofar,3,0,[],"[""fludarabine"",""Oxaliplatin"",""Rituximab""]",[],[],false,fewer_than_two_direct_lexical_components
1688,ofatumumab monotherapy,1,0,[],"[""ofatumumab""]",[],[],false,fewer_than_two_direct_lexical_components
1689,olaparib and bevacizumab,2,2,"[""Bevacizumab"",""Olaparib""]",[],[],[],true,at_least_two_direct_components_lexically_grounded_in_regimen_name
1690,olaparib monotherapy,1,0,[],"[""Olaparib""]",[],[],false,fewer_than_two_direct_lexical_components
1691,olutasidenib monotherapy,1,0,[],"[""olutasidenib""]",[],[],false,fewer_than_two_direct_lexical_components
1692,omacetaxine monotherapy,0,0,[],[],[],[],false,fewer_than_two_direct_lexical_components
1693,opdivo + cisplatin + gemcitabine,3,2,"[""Cisplatin"",""Gemcitabine""]","[""Nivolumab""]",[],[],true,at_least_two_direct_components_lexically_grounded_in_regimen_name
1694,open,3,0,[],"[""Etoposide"",""mitoxantrone"",""Vincristine""]",[],[],false,fewer_than_two_direct_lexical_components
1695,opp,2,0,[],"[""Procarbazine"",""Vincristine""]",[],[],false,fewer_than_two_direct_lexical_components
1696,oppa,2,0,[],"[""Procarbazine"",""Vincristine""]",[],[],false,fewer_than_two_direct_lexical_components
1697,osimertinib monotherapy,1,0,[],"[""Osimertinib""]",[],[],false,fewer_than_two_direct_lexical_components
1698,ox-p,1,0,[],"[""Oxaliplatin""]",[],[],false,fewer_than_two_direct_lexical_components
1699,oxafafu,3,0,[],"[""Fluorouracil"",""folic acid"",""Oxaliplatin""]",[],[],false,fewer_than_two_direct_lexical_components
1700,oxaliplatin and bevacizumab,2,2,"[""Bevacizumab"",""Oxaliplatin""]",[],[],[],true,at_least_two_direct_components_lexically_grounded_in_regimen_name
1701,oxaliplatin and paclitaxel,2,2,"[""Oxaliplatin"",""Paclitaxel""]",[],[],[],true,at_least_two_direct_components_lexically_grounded_in_regimen_name
1702,oxaliplatin and rt,1,0,[],"[""Oxaliplatin""]",[],[],false,fewer_than_two_direct_lexical_components
1703,oxaliplatin monotherapy,1,0,[],"[""Oxaliplatin""]",[],[],false,fewer_than_two_direct_lexical_components
1704,"oxaliplatin, paclitaxel, tislelizumab",3,3,"[""Oxaliplatin"",""Paclitaxel"",""tislelizumab""]",[],[],[],true,at_least_two_direct_components_lexically_grounded_in_regimen_name
1705,p-mvac,3,0,[],"[""Carboplatin"",""Cisplatin"",""Methotrexate""]",[],[],false,fewer_than_two_direct_lexical_components
1706,p/doce,3,0,[],"[""Cyclophosphamide"",""Etoposide"",""Vincristine""]",[],[],false,fewer_than_two_direct_lexical_components
1707,pab-esc-c,3,0,[],"[""Bleomycin"",""Cisplatin"",""Cyclophosphamide""]",[],[],false,fewer_than_two_direct_lexical_components
1708,pac-p,2,0,[],"[""Cisplatin"",""Cyclophosphamide""]",[],[],false,fewer_than_two_direct_lexical_components
1709,pacebom,5,0,[],"[""Bleomycin"",""Cyclophosphamide"",""Etoposide"",""Methotrexate"",""Vincristine""]",[],[],false,fewer_than_two_direct_lexical_components
1710,paclitaxel and bevacizumab,2,2,"[""Bevacizumab"",""Paclitaxel""]",[],[],[],true,at_least_two_direct_components_lexically_grounded_in_regimen_name
1711,paclitaxel and pazopanib,2,2,"[""Paclitaxel"",""Pazopanib""]",[],[],[],true,at_least_two_direct_components_lexically_grounded_in_regimen_name
1712,paclitaxel and pembrolizumab,2,2,"[""Paclitaxel"",""Pembrolizumab""]",[],[],[],true,at_least_two_direct_components_lexically_grounded_in_regimen_name
1713,paclitaxel and ramucirumab,2,2,"[""Paclitaxel"",""Ramucirumab""]",[],[],[],true,at_least_two_direct_components_lexically_grounded_in_regimen_name
1714,paclitaxel and rt,1,0,[],"[""Paclitaxel""]",[],[],false,fewer_than_two_direct_lexical_components
1715,paclitaxel and s-1,1,0,[],"[""Paclitaxel""]",[],[],false,fewer_than_two_direct_lexical_components
1716,paclitaxel and vinorelbine,2,2,"[""Paclitaxel"",""Vinorelbine""]",[],[],[],true,at_least_two_direct_components_lexically_grounded_in_regimen_name
1717,"paclitaxel, nanoparticle albumin-bound and bevacizumab",2,2,"[""Bevacizumab"",""Paclitaxel""]",[],[],[],true,at_least_two_direct_components_lexically_grounded_in_regimen_name
1718,"paclitaxel, pertuzumab, trastuzumab emtansine",3,0,[],"[""Paclitaxel"",""Pertuzumab"",""Trastuzumab""]",[],"[""Trastuzumab Emtansine""]",false,explicit_curated_component_missing_from_uotd_links
1719,"paclitaxel, topotecan, bevacizumab",3,3,"[""Bevacizumab"",""Paclitaxel"",""Topotecan""]",[],[],[],true,at_least_two_direct_components_lexically_grounded_in_regimen_name
1720,pacritinib monotherapy,1,0,[],"[""pacritinib""]",[],[],false,fewer_than_two_direct_lexical_components
1721,pad/vcd,2,0,[],"[""Bortezomib"",""Cyclophosphamide""]",[],[],false,fewer_than_two_direct_lexical_components
1722,paf,3,0,[],"[""Cisplatin"",""Fluorouracil"",""Melphalan""]",[],[],false,fewer_than_two_direct_lexical_components
1723,pan-tpf,4,0,[],"[""Cisplatin"",""Docetaxel"",""Fluorouracil"",""Panitumumab""]",[],[],false,fewer_than_two_direct_lexical_components
1724,panitumumab monotherapy,1,0,[],"[""Panitumumab""]",[],[],false,fewer_than_two_direct_lexical_components
1725,panobinostat and rituximab,2,2,"[""panobinostat"",""Rituximab""]",[],[],[],true,at_least_two_direct_components_lexically_grounded_in_regimen_name
1726,panobinostat monotherapy,1,0,[],"[""panobinostat""]",[],[],false,fewer_than_two_direct_lexical_components
1727,patco,3,0,[],"[""Cyclophosphamide"",""Thioguanine"",""Vincristine""]",[],[],false,fewer_than_two_direct_lexical_components
1728,pave,2,0,[],"[""Melphalan"",""Procarbazine""]",[],[],false,fewer_than_two_direct_lexical_components
1729,pazopanib monotherapy,1,0,[],"[""Pazopanib""]",[],[],false,fewer_than_two_direct_lexical_components
1730,pbm,4,0,[],"[""Bleomycin"",""Cisplatin"",""folic acid"",""Methotrexate""]",[],[],false,fewer_than_two_direct_lexical_components
1731,pcde,4,0,[],"[""Cisplatin"",""Cyclophosphamide"",""Epirubicin"",""Etoposide""]",[],[],false,fewer_than_two_direct_lexical_components
1732,pce,5,0,[],"[""Carboplatin"",""Cisplatin"",""Cyclophosphamide"",""Etoposide"",""Paclitaxel""]",[],[],false,fewer_than_two_direct_lexical_components
1733,pcf,3,0,[],"[""Cisplatin"",""Fluorouracil"",""Paclitaxel""]",[],[],false,fewer_than_two_direct_lexical_components
1734,pco,3,0,[],"[""Cyclophosphamide"",""ofatumumab"",""pentostatin""]",[],[],false,fewer_than_two_direct_lexical_components
1735,pcp,2,0,[],"[""Cyclophosphamide"",""Pomalidomide""]",[],[],false,fewer_than_two_direct_lexical_components
1736,pcr,3,0,[],"[""Cyclophosphamide"",""pentostatin"",""Rituximab""]",[],[],false,fewer_than_two_direct_lexical_components
1737,pcv,3,0,[],"[""Lomustine"",""Procarbazine"",""Vincristine""]",[],[],false,fewer_than_two_direct_lexical_components
1738,peba,3,0,[],"[""Bleomycin"",""Cisplatin"",""Etoposide""]",[],[],false,fewer_than_two_direct_lexical_components
1739,pediatric-like graall consolidation,6,0,[],"[""Asparaginase"",""Cyclophosphamide"",""Etoposide"",""Mercaptopurine"",""Methotrexate"",""Vincristine""]",[],[],false,fewer_than_two_direct_lexical_components
1740,pefg,4,0,[],"[""Cisplatin"",""Epirubicin"",""Fluorouracil"",""Gemcitabine""]",[],[],false,fewer_than_two_direct_lexical_components
1741,"pegaspargase, vincristine, dexamethasone",2,0,[],"[""pegaspargase"",""Vincristine""]",[],"[""Dexamethasone""]",false,explicit_curated_component_missing_from_uotd_links
1742,peginterferon alfa-2a monotherapy,1,0,[],"[""peginterferon alfa-2a""]",[],[],false,fewer_than_two_direct_lexical_components
1743,peginterferon alfa-2b monotherapy,1,0,[],"[""peginterferon alfa-2b""]",[],[],false,fewer_than_two_direct_lexical_components
1744,pegylated liposomal doxorubicin and bevacizumab,1,0,[],"[""Bevacizumab""]",[],"[""Pegylated Liposomal Doxorubicin""]",false,explicit_curated_component_missing_from_uotd_links
1745,pegylated liposomal doxorubicin and trabectedin,1,0,[],"[""trabectedin""]",[],"[""Pegylated Liposomal Doxorubicin""]",false,explicit_curated_component_missing_from_uotd_links
1746,pegylated liposomal doxorubicin monotherapy,0,0,[],[],[],"[""Pegylated Liposomal Doxorubicin""]",false,explicit_curated_component_missing_from_uotd_links
1747,pelf,5,0,[],"[""Cisplatin"",""Epirubicin"",""Filgrastim"",""Fluorouracil"",""folic acid""]",[],[],false,fewer_than_two_direct_lexical_components
1748,pembrolizumab monotherapy,1,0,[],"[""Pembrolizumab""]",[],[],false,fewer_than_two_direct_lexical_components
1749,pemetrexed and bevacizumab,2,2,"[""Bevacizumab"",""Pemetrexed""]",[],[],[],true,at_least_two_direct_components_lexically_grounded_in_regimen_name
1750,pemetrexed monotherapy,1,0,[],"[""Pemetrexed""]",[],[],false,fewer_than_two_direct_lexical_components
1751,pemigatinib monotherapy,1,0,[],"[""pemigatinib""]",[],[],false,fewer_than_two_direct_lexical_components
1752,pen,2,0,[],"[""Etoposide"",""mitoxantrone""]",[],[],false,fewer_than_two_direct_lexical_components
1753,penpulimab monotherapy,1,0,[],"[""penpulimab""]",[],[],false,fewer_than_two_direct_lexical_components
1754,pentostatin and alemtuzumab,2,2,"[""alemtuzumab"",""pentostatin""]",[],[],[],true,at_least_two_direct_components_lexically_grounded_in_regimen_name
1755,pentostatin monotherapy,1,0,[],"[""pentostatin""]",[],[],false,fewer_than_two_direct_lexical_components
1756,pep,2,0,[],"[""Cyclophosphamide"",""Etoposide""]",[],[],false,fewer_than_two_direct_lexical_components
1757,pep-c,3,0,[],"[""Cyclophosphamide"",""Etoposide"",""Procarbazine""]",[],[],false,fewer_than_two_direct_lexical_components
1758,pertuzumab and t-dm1,2,0,[],"[""Pertuzumab"",""Trastuzumab""]",[],[],false,fewer_than_two_direct_lexical_components
1759,pertuzumab and trastuzumab,2,2,"[""Pertuzumab"",""Trastuzumab""]",[],[],[],true,at_least_two_direct_components_lexically_grounded_in_regimen_name
1760,pertuzumab and trastuzumab hyaluronidase monotherapy,1,0,[],"[""hyaluronidase / pertuzumab / trastuzumab""]",[],"[""Pertuzumab"",""Trastuzumab""]",false,explicit_curated_component_missing_from_uotd_links
1761,pet,4,0,[],"[""Cisplatin"",""Epirubicin"",""Etoposide"",""Paclitaxel""]",[],[],false,fewer_than_two_direct_lexical_components
1762,pev,2,0,[],"[""Cisplatin"",""Etoposide""]",[],[],false,fewer_than_two_direct_lexical_components
1763,pexidartinib monotherapy,1,0,[],"[""pexidartinib""]",[],[],false,fewer_than_two_direct_lexical_components
1764,pf + e,5,0,[],"[""Cisplatin"",""Etoposide"",""Fluorouracil"",""folic acid"",""Methotrexate""]",[],[],false,fewer_than_two_direct_lexical_components
1765,pfm,3,0,[],"[""Cisplatin"",""Fluorouracil"",""Methotrexate""]",[],[],false,fewer_than_two_direct_lexical_components
1766,pft,3,0,[],"[""Fluorouracil"",""Melphalan"",""Tamoxifen""]",[],[],false,fewer_than_two_direct_lexical_components
1767,pgc,3,0,[],"[""Cisplatin"",""Gemcitabine"",""Paclitaxel""]",[],[],false,fewer_than_two_direct_lexical_components
1768,phesgo,2,0,[],"[""Pertuzumab"",""Trastuzumab""]",[],[],false,fewer_than_two_direct_lexical_components
1769,phrt,3,0,[],"[""cefixime"",""Hydroxyurea"",""Procarbazine""]",[],[],false,fewer_than_two_direct_lexical_components
1770,pia,2,0,[],"[""Cisplatin"",""Ifosfamide""]",[],[],false,fewer_than_two_direct_lexical_components
1771,pie,3,0,[],"[""Cisplatin"",""Etoposide"",""Ifosfamide""]",[],[],false,fewer_than_two_direct_lexical_components
1772,pimitespib monotherapy,0,0,[],[],[],[],false,fewer_than_two_direct_lexical_components
1773,pirarubicin monotherapy,1,0,[],"[""pirarubicin""]",[],[],false,fewer_than_two_direct_lexical_components
1774,pirtobrutinib monotherapy,1,0,[],"[""pirtobrutinib""]",[],[],false,fewer_than_two_direct_lexical_components
1775,pixantrone monotherapy,0,0,[],[],[],[],false,fewer_than_two_direct_lexical_components
1776,plerixafor monotherapy,1,0,[],"[""plerixafor""]",[],[],false,fewer_than_two_direct_lexical_components
1777,plicamycin monotherapy,1,0,[],"[""plicamycin""]",[],[],false,fewer_than_two_direct_lexical_components
1778,pm,2,0,[],"[""Cisplatin"",""Methotrexate""]",[],[],false,fewer_than_two_direct_lexical_components
1779,pmf,3,0,[],"[""Fluorouracil"",""Melphalan"",""Methotrexate""]",[],[],false,fewer_than_two_direct_lexical_components
1780,pmfac,3,0,[],"[""Cyclophosphamide"",""Fluorouracil"",""Methotrexate""]",[],[],false,fewer_than_two_direct_lexical_components
1781,pmitcebo,5,0,[],"[""Bleomycin"",""Cyclophosphamide"",""Etoposide"",""mitoxantrone"",""Vincristine""]",[],[],false,fewer_than_two_direct_lexical_components
1782,poca,1,0,[],"[""Vincristine""]",[],[],false,fewer_than_two_direct_lexical_components
1783,pocc,4,0,[],"[""Cyclophosphamide"",""Lomustine"",""Procarbazine"",""Vincristine""]",[],[],false,fewer_than_two_direct_lexical_components
1784,pola-r-chp,3,0,[],"[""Cyclophosphamide"",""Polatuzumab Vedotin"",""Rituximab""]",[],[],false,fewer_than_two_direct_lexical_components
1785,pomalidomide and dexamethasone (pd),1,0,[],"[""Pomalidomide""]",[],"[""Dexamethasone""]",false,explicit_curated_component_missing_from_uotd_links
1786,pomalidomide and prednisone,1,0,[],"[""Pomalidomide""]",[],"[""Prednisone""]",false,explicit_curated_component_missing_from_uotd_links
1787,"pomalidomide, dexamethasone, pembrolizumab",2,0,[],"[""Pembrolizumab"",""Pomalidomide""]",[],"[""Dexamethasone""]",false,explicit_curated_component_missing_from_uotd_links
1788,pomb,4,0,[],"[""Bleomycin"",""Cisplatin"",""Methotrexate"",""Vincristine""]",[],[],false,fewer_than_two_direct_lexical_components
1789,pomp,3,0,[],"[""Mercaptopurine"",""Methotrexate"",""Vincristine""]",[],[],false,fewer_than_two_direct_lexical_components
1790,ponatinib and blinatumomab,2,2,"[""blinatumomab"",""Ponatinib""]",[],[],[],true,at_least_two_direct_components_lexically_grounded_in_regimen_name
1791,ponatinib monotherapy,1,0,[],"[""Ponatinib""]",[],[],false,fewer_than_two_direct_lexical_components
1792,"ponatinib, vincristine, dexamethasone",2,0,[],"[""Ponatinib"",""Vincristine""]",[],"[""Dexamethasone""]",false,explicit_curated_component_missing_from_uotd_links
1793,pralatrexate monotherapy,1,0,[],"[""pralatrexate""]",[],[],false,fewer_than_two_direct_lexical_components
1794,pralsetinib monotherapy,1,0,[],"[""pralsetinib""]",[],[],false,fewer_than_two_direct_lexical_components
1795,prednisolone and rituximab,1,0,[],"[""Rituximab""]",[],[],false,fewer_than_two_direct_lexical_components
1796,prednisolone monotherapy,0,0,[],[],[],[],false,fewer_than_two_direct_lexical_components
1797,prednisone and rituximab,1,0,[],"[""Rituximab""]",[],"[""Prednisone""]",false,explicit_curated_component_missing_from_uotd_links
1798,prednisone monotherapy,0,0,[],[],[],"[""Prednisone""]",false,explicit_curated_component_missing_from_uotd_links
1799,prh-e,1,0,[],"[""Cisplatin""]",[],[],false,fewer_than_two_direct_lexical_components
1800,prime,3,0,[],"[""Ifosfamide"",""Methotrexate"",""Procarbazine""]",[],[],false,fewer_than_two_direct_lexical_components
1801,procarbazine monotherapy,1,0,[],"[""Procarbazine""]",[],[],false,fewer_than_two_direct_lexical_components
1802,promace,3,0,[],"[""Cyclophosphamide"",""Etoposide"",""Methotrexate""]",[],[],false,fewer_than_two_direct_lexical_components
1803,promace-cytabom,5,0,[],"[""Bleomycin"",""Cyclophosphamide"",""Etoposide"",""Methotrexate"",""Vincristine""]",[],[],false,fewer_than_two_direct_lexical_components
1804,promace-mopp,7,0,[],"[""Cyclophosphamide"",""Etoposide"",""folic acid"",""mechlorethamine"",""Methotrexate"",""Procarbazine"",""Vincristine""]",[],[],false,fewer_than_two_direct_lexical_components
1805,puva,1,0,[],"[""Paclitaxel""]",[],[],false,fewer_than_two_direct_lexical_components
1806,pvag,1,0,[],"[""Gemcitabine""]",[],[],false,fewer_than_two_direct_lexical_components
1807,pvd,3,0,[],"[""Bortezomib"",""Pomalidomide"",""Vincristine""]",[],[],false,fewer_than_two_direct_lexical_components
1808,quizartinib monotherapy,1,0,[],"[""Afatinib""]",[],[],false,fewer_than_two_direct_lexical_components
1809,"r, then chop",3,0,[],"[""Cyclophosphamide"",""Rituximab"",""Vincristine""]",[],[],false,fewer_than_two_direct_lexical_components
1810,r-acvbp,3,0,[],"[""Bleomycin"",""Cyclophosphamide"",""Rituximab""]",[],[],false,fewer_than_two_direct_lexical_components
1811,r-bac,2,0,[],"[""Bendamustine"",""Rituximab""]",[],[],false,fewer_than_two_direct_lexical_components
1812,r-bl,3,0,[],"[""Bendamustine"",""Lenalidomide"",""Rituximab""]",[],[],false,fewer_than_two_direct_lexical_components
1813,r-cdop,3,0,[],"[""Cyclophosphamide"",""Rituximab"",""Vincristine""]",[],[],false,fewer_than_two_direct_lexical_components
1814,r-ceop (etoposide),4,0,[],"[""Cyclophosphamide"",""Etoposide"",""Rituximab"",""Vincristine""]",[],[],false,fewer_than_two_direct_lexical_components
1815,r-ceop70,4,0,[],"[""Cyclophosphamide"",""Epirubicin"",""Rituximab"",""Vincristine""]",[],[],false,fewer_than_two_direct_lexical_components
1816,r-ceop90,4,0,[],"[""Cyclophosphamide"",""Epirubicin"",""Rituximab"",""Vincristine""]",[],[],false,fewer_than_two_direct_lexical_components
1817,r-chmp,3,0,[],"[""Cyclophosphamide"",""Rituximab"",""Vincristine""]",[],[],false,fewer_than_two_direct_lexical_components
1818,r-choep-14,4,0,[],"[""Cyclophosphamide"",""Etoposide"",""Rituximab"",""Vincristine""]",[],[],false,fewer_than_two_direct_lexical_components
1819,r-chop,4,0,[],"[""Cyclophosphamide"",""hyaluronidase / rituximab"",""Rituximab"",""Vincristine""]",[],[],false,fewer_than_two_direct_lexical_components
1820,r-chop-14,4,0,[],"[""Cyclophosphamide"",""hyaluronidase / rituximab"",""Rituximab"",""Vincristine""]",[],[],false,fewer_than_two_direct_lexical_components
1821,r-chop/r-dhaox,4,0,[],"[""Cyclophosphamide"",""Oxaliplatin"",""Rituximab"",""Vincristine""]",[],[],false,fewer_than_two_direct_lexical_components
1822,r-chop/r-dhap,4,0,[],"[""Cisplatin"",""Cyclophosphamide"",""Rituximab"",""Vincristine""]",[],[],false,fewer_than_two_direct_lexical_components
1823,r-chvp plus i,3,0,[],"[""Cyclophosphamide"",""Etoposide"",""Rituximab""]",[],[],false,fewer_than_two_direct_lexical_components
1824,r-cmd,3,0,[],"[""cladribine"",""mitoxantrone"",""Rituximab""]",[],[],false,fewer_than_two_direct_lexical_components
1825,r-codox-m,4,0,[],"[""Cyclophosphamide"",""Methotrexate"",""Rituximab"",""Vincristine""]",[],[],false,fewer_than_two_direct_lexical_components
1826,r-codox-m/r-ivac,6,0,[],"[""Cyclophosphamide"",""Etoposide"",""Ifosfamide"",""Methotrexate"",""Rituximab"",""Vincristine""]",[],[],false,fewer_than_two_direct_lexical_components
1827,r-copadm,4,0,[],"[""Cyclophosphamide"",""Methotrexate"",""Rituximab"",""Vincristine""]",[],[],false,fewer_than_two_direct_lexical_components
1828,r-cp,2,0,[],"[""Cyclophosphamide"",""Rituximab""]",[],[],false,fewer_than_two_direct_lexical_components
1829,r-cvep,4,0,[],"[""Cyclophosphamide"",""Etoposide"",""Rituximab"",""vorinostat""]",[],[],false,fewer_than_two_direct_lexical_components
1830,r-cvp,3,0,[],"[""Cyclophosphamide"",""Rituximab"",""Vincristine""]",[],[],false,fewer_than_two_direct_lexical_components
1831,r-dexabeam,4,0,[],"[""Carmustine"",""Etoposide"",""Melphalan"",""Rituximab""]",[],[],false,fewer_than_two_direct_lexical_components
1832,r-dhac,2,0,[],"[""Carboplatin"",""Rituximab""]",[],[],false,fewer_than_two_direct_lexical_components
1833,r-dhaox,2,0,[],"[""Oxaliplatin"",""Rituximab""]",[],[],false,fewer_than_two_direct_lexical_components
1834,r-dhap,2,0,[],"[""Cisplatin"",""Rituximab""]",[],[],false,fewer_than_two_direct_lexical_components
1835,r-dhap/r-vim,5,0,[],"[""Cisplatin"",""Etoposide"",""Ifosfamide"",""Methotrexate"",""Rituximab""]",[],[],false,fewer_than_two_direct_lexical_components
1836,r-dhax,2,0,[],"[""Oxaliplatin"",""Rituximab""]",[],[],false,fewer_than_two_direct_lexical_components
1837,r-epoch,4,0,[],"[""Cyclophosphamide"",""Etoposide"",""Rituximab"",""Vincristine""]",[],[],false,fewer_than_two_direct_lexical_components
1838,r-eshap,3,0,[],"[""Cisplatin"",""Etoposide"",""Rituximab""]",[],[],false,fewer_than_two_direct_lexical_components
1839,r-fm,3,0,[],"[""fludarabine"",""mitoxantrone"",""Rituximab""]",[],[],false,fewer_than_two_direct_lexical_components
1840,r-fnd,3,0,[],"[""fludarabine"",""mitoxantrone"",""Rituximab""]",[],[],false,fewer_than_two_direct_lexical_components
1841,r-gcvp,4,0,[],"[""Cyclophosphamide"",""Gemcitabine"",""Rituximab"",""Vincristine""]",[],[],false,fewer_than_two_direct_lexical_components
1842,r-gdp,3,0,[],"[""Cisplatin"",""Gemcitabine"",""Rituximab""]",[],[],false,fewer_than_two_direct_lexical_components
1843,r-gemox,3,0,[],"[""Gemcitabine"",""Oxaliplatin"",""Rituximab""]",[],[],false,fewer_than_two_direct_lexical_components
1844,r-hidac,1,0,[],"[""Rituximab""]",[],[],false,fewer_than_two_direct_lexical_components
1845,r-hyper-cvad/r-ma,4,0,[],"[""Cyclophosphamide"",""Methotrexate"",""Rituximab"",""Vincristine""]",[],[],false,fewer_than_two_direct_lexical_components
1846,r-hypercvad,4,0,[],"[""Cyclophosphamide"",""Mesna"",""Rituximab"",""Vincristine""]",[],[],false,fewer_than_two_direct_lexical_components
1847,r-ice,4,0,[],"[""Carboplatin"",""Etoposide"",""Ifosfamide"",""Rituximab""]",[],[],false,fewer_than_two_direct_lexical_components
1848,r-ife,3,0,[],"[""Etoposide"",""Ifosfamide"",""Rituximab""]",[],[],false,fewer_than_two_direct_lexical_components
1849,r-ino,2,0,[],"[""inotuzumab ozogamicin"",""Rituximab""]",[],[],false,fewer_than_two_direct_lexical_components
1850,r-mcp,6,0,[],"[""Chlorambucil"",""Lomustine"",""Methotrexate"",""mitoxantrone"",""Procarbazine"",""Rituximab""]",[],[],false,fewer_than_two_direct_lexical_components
1851,r-megachop,3,0,[],"[""Cyclophosphamide"",""Rituximab"",""Vincristine""]",[],[],false,fewer_than_two_direct_lexical_components
1852,r-megachop-14,3,0,[],"[""Cyclophosphamide"",""Rituximab"",""Vincristine""]",[],[],false,fewer_than_two_direct_lexical_components
1853,r-miniceop,3,0,[],"[""Cyclophosphamide"",""Epirubicin"",""Rituximab""]",[],[],false,fewer_than_two_direct_lexical_components
1854,r-minichop,4,0,[],"[""Cyclophosphamide"",""hyaluronidase / rituximab"",""Rituximab"",""Vincristine""]",[],[],false,fewer_than_two_direct_lexical_components
1855,r-mp,3,0,[],"[""Methotrexate"",""Procarbazine"",""Rituximab""]",[],[],false,fewer_than_two_direct_lexical_components
1856,r-mpv,5,0,[],"[""folic acid"",""Methotrexate"",""Procarbazine"",""Rituximab"",""Vincristine""]",[],[],false,fewer_than_two_direct_lexical_components
1857,r-nimp,4,0,[],"[""Ifosfamide"",""mitoxantrone"",""Rituximab"",""Vinorelbine""]",[],[],false,fewer_than_two_direct_lexical_components
1858,r-tbi/cy,2,0,[],"[""Cyclophosphamide"",""Rituximab""]",[],[],false,fewer_than_two_direct_lexical_components
1859,r-thp-cop,4,0,[],"[""Cyclophosphamide"",""pirarubicin"",""Rituximab"",""Vincristine""]",[],[],false,fewer_than_two_direct_lexical_components
1860,r-vad plus c,3,0,[],"[""Chlorambucil"",""Rituximab"",""Vincristine""]",[],[],false,fewer_than_two_direct_lexical_components
1861,r2-chop,4,0,[],"[""Cyclophosphamide"",""Lenalidomide"",""Rituximab"",""Vincristine""]",[],[],false,fewer_than_two_direct_lexical_components
1862,rabvd,3,0,[],"[""Bleomycin"",""Dacarbazine"",""Rituximab""]",[],[],false,fewer_than_two_direct_lexical_components
1863,radioiodine and selumetinib,1,0,[],"[""selumetinib""]",[],[],false,fewer_than_two_direct_lexical_components
1864,radotinib monotherapy,0,0,[],[],[],[],false,fewer_than_two_direct_lexical_components
1865,raltitrexed monotherapy,1,0,[],"[""raltitrexed""]",[],[],false,fewer_than_two_direct_lexical_components
1866,ramucirumab monotherapy,1,0,[],"[""Ramucirumab""]",[],[],false,fewer_than_two_direct_lexical_components
1867,ravulizumab monotherapy,1,0,[],"[""ravulizumab""]",[],[],false,fewer_than_two_direct_lexical_components
1868,rcc,3,0,[],"[""cladribine"",""Cyclophosphamide"",""Rituximab""]",[],[],false,fewer_than_two_direct_lexical_components
1869,regorafenib monotherapy,1,0,[],"[""Regorafenib""]",[],[],false,fewer_than_two_direct_lexical_components
1870,relugolix monotherapy,1,0,[],"[""relugolix""]",[],[],false,fewer_than_two_direct_lexical_components
1871,repotrectinib monotherapy,1,0,[],"[""repotrectinib""]",[],[],false,fewer_than_two_direct_lexical_components
1872,rice,4,0,[],"[""Carboplatin"",""Etoposide"",""Ifosfamide"",""Rituximab""]",[],[],false,fewer_than_two_direct_lexical_components
1873,ricer,5,0,[],"[""Carboplatin"",""Etoposide"",""Ifosfamide"",""Lenalidomide"",""Rituximab""]",[],[],false,fewer_than_two_direct_lexical_components
1874,ridd,3,0,[],"[""aldesleukin"",""Cisplatin"",""Dacarbazine""]",[],[],false,fewer_than_two_direct_lexical_components
1875,ripad plus c,3,0,[],"[""Bortezomib"",""Chlorambucil"",""Rituximab""]",[],[],false,fewer_than_two_direct_lexical_components
1876,ripretinib monotherapy,1,0,[],"[""ripretinib""]",[],[],false,fewer_than_two_direct_lexical_components
1877,rituximab and hyaluronidase monotherapy,2,0,[],"[""hyaluronidase / rituximab"",""Rituximab""]",[],[],false,fewer_than_two_direct_lexical_components
1878,rituximab monotherapy,1,0,[],"[""Rituximab""]",[],[],false,fewer_than_two_direct_lexical_components
1879,rivaroxaban monotherapy,1,0,[],"[""rivaroxaban""]",[],[],false,fewer_than_two_direct_lexical_components
1880,roap,1,0,[],"[""Vincristine""]",[],[],false,fewer_than_two_direct_lexical_components
1881,romidepsin monotherapy,1,0,[],"[""romidepsin""]",[],[],false,fewer_than_two_direct_lexical_components
1882,romiplostim monotherapy,1,0,[],"[""romiplostim""]",[],[],false,fewer_than_two_direct_lexical_components
1883,ropeginterferon alfa-2b monotherapy,1,0,[],"[""ropeginterferon alfa-2b""]",[],[],false,fewer_than_two_direct_lexical_components
1884,"rt, then carmustine",1,0,[],"[""Carmustine""]",[],[],false,fewer_than_two_direct_lexical_components
1885,"rt, then temozolomide",1,0,[],"[""Temozolomide""]",[],[],false,fewer_than_two_direct_lexical_components
1886,rt-pepc,5,0,[],"[""Cyclophosphamide"",""Etoposide"",""Procarbazine"",""Rituximab"",""Thalidomide""]",[],[],false,fewer_than_two_direct_lexical_components
1887,rtog chemoradiation,3,0,[],"[""Azacitidine"",""Fluorouracil"",""Gemcitabine""]",[],[],false,fewer_than_two_direct_lexical_components
1888,rucaparib monotherapy,1,0,[],"[""Rucaparib""]",[],[],false,fewer_than_two_direct_lexical_components
1889,ruxolitinib monotherapy,1,0,[],"[""ruxolitinib""]",[],[],false,fewer_than_two_direct_lexical_components
1890,rvd,2,0,[],"[""Bortezomib"",""Lenalidomide""]",[],[],false,fewer_than_two_direct_lexical_components
1891,rvdc,3,0,[],"[""Bortezomib"",""Cyclophosphamide"",""Lenalidomide""]",[],[],false,fewer_than_two_direct_lexical_components
1892,rvr,3,0,[],"[""Bortezomib"",""Everolimus"",""Rituximab""]",[],[],false,fewer_than_two_direct_lexical_components
1893,s-1 and rt,0,0,[],[],[],[],false,fewer_than_two_direct_lexical_components
1894,s-1 monotherapy,0,0,[],[],[],[],false,fewer_than_two_direct_lexical_components
1895,sacituzumab govitecan monotherapy,1,0,[],"[""sacituzumab""]",[],[],false,fewer_than_two_direct_lexical_components
1896,sam,1,0,[],"[""streptozocin""]",[],[],false,fewer_than_two_direct_lexical_components
1897,sargramostim monotherapy,0,0,[],[],[],[],false,fewer_than_two_direct_lexical_components
1898,sc-epoch-rr,4,0,[],"[""Cyclophosphamide"",""Etoposide"",""Rituximab"",""Vincristine""]",[],[],false,fewer_than_two_direct_lexical_components
1899,scab,3,0,[],"[""Bleomycin"",""Lomustine"",""streptozocin""]",[],[],false,fewer_than_two_direct_lexical_components
1900,sdd,2,0,[],"[""Daratumumab"",""selinexor""]",[],[],false,fewer_than_two_direct_lexical_components
1901,selinexor and dexamethasone (sd),1,0,[],"[""selinexor""]",[],"[""Dexamethasone""]",false,explicit_curated_component_missing_from_uotd_links
1902,selinexor monotherapy,1,0,[],"[""selinexor""]",[],[],false,fewer_than_two_direct_lexical_components
1903,selpercatinib monotherapy,1,0,[],"[""selpercatinib""]",[],[],false,fewer_than_two_direct_lexical_components
1904,selumetinib monotherapy,1,0,[],"[""selumetinib""]",[],[],false,fewer_than_two_direct_lexical_components
1905,serplulimab monotherapy,0,0,[],[],[],[],false,fewer_than_two_direct_lexical_components
1906,shai,1,0,[],"[""Idarubicin""]",[],[],false,fewer_than_two_direct_lexical_components
1907,siltuximab monotherapy,1,0,[],"[""siltuximab""]",[],[],false,fewer_than_two_direct_lexical_components
1908,simal-bone marrow transplant,1,0,[],"[""Methotrexate""]",[],[],false,fewer_than_two_direct_lexical_components
1909,simal-pilot,4,0,[],"[""Etoposide"",""folic acid"",""hydrocortisone"",""Mesna""]",[],[],false,fewer_than_two_direct_lexical_components
1910,simal-second induction/maintenance,5,0,[],"[""Asparaginase"",""Etoposide"",""folic acid"",""Methotrexate"",""teniposide""]",[],[],false,fewer_than_two_direct_lexical_components
1911,sintilimab monotherapy,0,0,[],[],[],[],false,fewer_than_two_direct_lexical_components
1912,sipuleucel-t monotherapy,1,0,[],"[""sipuleucel-t""]",[],[],false,fewer_than_two_direct_lexical_components
1913,sirolimus and prednisone,1,0,[],"[""sirolimus""]",[],"[""Prednisone""]",false,explicit_curated_component_missing_from_uotd_links
1914,sirolimus and vorinostat,2,2,"[""sirolimus"",""vorinostat""]",[],[],[],true,at_least_two_direct_components_lexically_grounded_in_regimen_name
1915,sirolimus monotherapy,1,0,[],"[""sirolimus""]",[],[],false,fewer_than_two_direct_lexical_components
1916,sjmb-96 protocol average risk,3,0,[],"[""Cisplatin"",""Cyclophosphamide"",""Vincristine""]",[],[],false,fewer_than_two_direct_lexical_components
1917,sjmb-96 protocol high risk,4,0,[],"[""Cisplatin"",""Cyclophosphamide"",""Topotecan"",""Vincristine""]",[],[],false,fewer_than_two_direct_lexical_components
1918,sk,5,0,[],"[""Bleomycin"",""Cisplatin"",""Cyclophosphamide"",""dactinomycin"",""Methotrexate""]",[],[],false,fewer_than_two_direct_lexical_components
1919,skd,2,0,[],"[""Carfilzomib"",""selinexor""]",[],[],false,fewer_than_two_direct_lexical_components
1920,smf,3,0,[],"[""Fluorouracil"",""Mitomycin"",""streptozocin""]",[],[],false,fewer_than_two_direct_lexical_components
1921,smile,4,0,[],"[""Asparaginase"",""Etoposide"",""Ifosfamide"",""Methotrexate""]",[],[],false,fewer_than_two_direct_lexical_components
1922,sonidegib monotherapy,1,0,[],"[""sonidegib""]",[],[],false,fewer_than_two_direct_lexical_components
1923,sorafenib monotherapy,1,0,[],"[""Sorafenib""]",[],[],false,fewer_than_two_direct_lexical_components
1924,sotorasib and panitumumab,2,2,"[""Panitumumab"",""sotorasib""]",[],[],[],true,at_least_two_direct_components_lexically_grounded_in_regimen_name
1925,sotorasib monotherapy,1,0,[],"[""sotorasib""]",[],[],false,fewer_than_two_direct_lexical_components
1926,sox,1,0,[],"[""Oxaliplatin""]",[],[],false,fewer_than_two_direct_lexical_components
1927,sox and bevacizumab,2,0,[],"[""Bevacizumab"",""Oxaliplatin""]",[],[],false,fewer_than_two_direct_lexical_components
1928,stamp-i,3,0,[],"[""Carmustine"",""Cisplatin"",""Cyclophosphamide""]",[],[],false,fewer_than_two_direct_lexical_components
1929,stanford v,4,0,[],"[""Bleomycin"",""Etoposide"",""mechlorethamine"",""Vincristine""]",[],[],false,fewer_than_two_direct_lexical_components
1930,steam,4,0,[],"[""Cyclophosphamide"",""dactinomycin"",""Mitomycin"",""Thioguanine""]",[],[],false,fewer_than_two_direct_lexical_components
1931,sugemalimab monotherapy,0,0,[],[],[],[],false,fewer_than_two_direct_lexical_components
1932,sunitinib monotherapy,1,0,[],"[""Sunitinib""]",[],[],false,fewer_than_two_direct_lexical_components
1933,suramin and hydrocortisone,2,2,"[""hydrocortisone"",""suramin""]",[],[],[],true,at_least_two_direct_components_lexically_grounded_in_regimen_name
1934,suramin monotherapy,1,0,[],"[""suramin""]",[],[],false,fewer_than_two_direct_lexical_components
1935,sutimlimab monotherapy,1,0,[],"[""sutimlimab""]",[],[],false,fewer_than_two_direct_lexical_components
1936,svd,2,0,[],"[""Bortezomib"",""selinexor""]",[],[],false,fewer_than_two_direct_lexical_components
1937,t-10 protocol,6,0,[],"[""Bleomycin"",""Cisplatin"",""Cyclophosphamide"",""dactinomycin"",""folic acid"",""Methotrexate""]",[],[],false,fewer_than_two_direct_lexical_components
1938,t-2 protocol,4,0,[],"[""Azacitidine"",""Cyclophosphamide"",""dactinomycin"",""Vincristine""]",[],[],false,fewer_than_two_direct_lexical_components
1939,t-ac,2,0,[],"[""Cyclophosphamide"",""Paclitaxel""]",[],[],false,fewer_than_two_direct_lexical_components
1940,t-cap,2,0,[],"[""Cisplatin"",""Cyclophosphamide""]",[],[],false,fewer_than_two_direct_lexical_components
1941,t-cid,3,0,[],"[""Cyclophosphamide"",""Idarubicin"",""Thalidomide""]",[],[],false,fewer_than_two_direct_lexical_components
1942,t-ddac,2,0,[],"[""Cyclophosphamide"",""Paclitaxel""]",[],[],false,fewer_than_two_direct_lexical_components
1943,t-ddec,3,0,[],"[""Cyclophosphamide"",""Epirubicin"",""Paclitaxel""]",[],[],false,fewer_than_two_direct_lexical_components
1944,t-dm1 and et,2,0,[],"[""Tamoxifen"",""Trastuzumab""]",[],[],false,fewer_than_two_direct_lexical_components
1945,t-ec,4,0,[],"[""Cyclophosphamide"",""Epirubicin"",""Fluorouracil"",""Paclitaxel""]",[],[],false,fewer_than_two_direct_lexical_components
1946,t-fac,3,0,[],"[""Cyclophosphamide"",""Fluorouracil"",""Paclitaxel""]",[],[],false,fewer_than_two_direct_lexical_components
1947,t-h (docetaxel),3,0,[],"[""Docetaxel"",""Paclitaxel"",""Trastuzumab""]",[],[],false,fewer_than_two_direct_lexical_components
1948,t-mop,3,0,[],"[""Methotrexate"",""Thioguanine"",""Vincristine""]",[],[],false,fewer_than_two_direct_lexical_components
1949,tabelecleucel monotherapy,0,0,[],[],[],[],false,fewer_than_two_direct_lexical_components
1950,"tace, then 5-fu",1,0,[],"[""Fluorouracil""]",[],[],false,fewer_than_two_direct_lexical_components
1951,tagraxofusp monotherapy,1,0,[],"[""tagraxofusp""]",[],[],false,fewer_than_two_direct_lexical_components
1952,talazoparib monotherapy,1,0,[],"[""Talazoparib""]",[],[],false,fewer_than_two_direct_lexical_components
1953,talimogene laherparepvec monotherapy,1,0,[],"[""herpesvirus 1, human""]",[],[],false,fewer_than_two_direct_lexical_components
1954,talquetamab monotherapy,1,0,[],"[""talquetamab""]",[],[],false,fewer_than_two_direct_lexical_components
1955,tam exemestane,2,0,[],"[""Exemestane"",""Tamoxifen""]",[],[],false,fewer_than_two_direct_lexical_components
1956,tam letrozole,2,0,[],"[""Letrozole"",""Tamoxifen""]",[],[],false,fewer_than_two_direct_lexical_components
1957,tam6,1,0,[],"[""Melphalan""]",[],[],false,fewer_than_two_direct_lexical_components
1958,tamibarotene monotherapy,0,0,[],[],[],[],false,fewer_than_two_direct_lexical_components
1959,tamoxifen and ofs,3,0,[],"[""Goserelin"",""Tamoxifen"",""triptorelin""]",[],[],false,fewer_than_two_direct_lexical_components
1960,tamoxifen and prednisolone,1,0,[],"[""Tamoxifen""]",[],[],false,fewer_than_two_direct_lexical_components
1961,tamoxifen and trastuzumab,2,2,"[""Tamoxifen"",""Trastuzumab""]",[],[],[],true,at_least_two_direct_components_lexically_grounded_in_regimen_name
1962,tamoxifen monotherapy,1,0,[],"[""Tamoxifen""]",[],[],false,fewer_than_two_direct_lexical_components
1963,tamoxifen-anastrozole,2,2,"[""Anastrozole"",""Tamoxifen""]",[],[],[],true,at_least_two_direct_components_lexically_grounded_in_regimen_name
1964,tamoxifen-exemestane,2,2,"[""Exemestane"",""Tamoxifen""]",[],[],[],true,at_least_two_direct_components_lexically_grounded_in_regimen_name
1965,tamoxifen-letrozole,2,2,"[""Letrozole"",""Tamoxifen""]",[],[],[],true,at_least_two_direct_components_lexically_grounded_in_regimen_name
1966,tandem melphalan,1,0,[],"[""Melphalan""]",[],[],false,fewer_than_two_direct_lexical_components
1967,tarlatamab monotherapy,1,0,[],"[""tarlatamab""]",[],[],false,fewer_than_two_direct_lexical_components
1968,taxol/cbdca,3,0,[],"[""Carboplatin"",""Paclitaxel"",""Vincristine""]",[],[],false,fewer_than_two_direct_lexical_components
1969,tazemetostat monotherapy,1,0,[],"[""tazemetostat""]",[],[],false,fewer_than_two_direct_lexical_components
1970,tbp,2,0,[],"[""Bleomycin"",""thiotepa""]",[],[],false,fewer_than_two_direct_lexical_components
1971,"tc, then ie, vdoxoc, vec",5,0,[],"[""Cyclophosphamide"",""Etoposide"",""Ifosfamide"",""Topotecan"",""Vincristine""]",[],[],false,fewer_than_two_direct_lexical_components
1972,tc-h (docetaxel),3,0,[],"[""Cyclophosphamide"",""Docetaxel"",""Trastuzumab""]",[],[],false,fewer_than_two_direct_lexical_components
1973,tchp (docetaxel),6,0,[],"[""Carboplatin"",""Docetaxel"",""hyaluronidase / trastuzumab"",""Paclitaxel"",""Pertuzumab"",""Trastuzumab""]",[],[],false,fewer_than_two_direct_lexical_components
1974,tcp,2,0,[],"[""Cyclophosphamide"",""Thalidomide""]",[],[],false,fewer_than_two_direct_lexical_components
1975,tebentafusp monotherapy,1,0,[],"[""tebentafusp""]",[],[],false,fewer_than_two_direct_lexical_components
1976,teclistamab monotherapy,1,0,[],"[""teclistamab""]",[],[],false,fewer_than_two_direct_lexical_components
1977,tee,3,0,[],"[""estramustine"",""Etoposide"",""Paclitaxel""]",[],[],false,fewer_than_two_direct_lexical_components
1978,"tegafur, uracil, folinic acid",1,0,[],"[""folic acid""]",[],[],false,fewer_than_two_direct_lexical_components
1979,temozolomide + cra,2,0,[],"[""isotretinoin"",""Temozolomide""]",[],[],false,fewer_than_two_direct_lexical_components
1980,temozolomide and bevacizumab,2,2,"[""Bevacizumab"",""Temozolomide""]",[],[],[],true,at_least_two_direct_components_lexically_grounded_in_regimen_name
1981,temozolomide and low-dose rt,1,0,[],"[""Temozolomide""]",[],[],false,fewer_than_two_direct_lexical_components
1982,temozolomide and novottf-100a,1,0,[],"[""Temozolomide""]",[],[],false,fewer_than_two_direct_lexical_components
1983,temozolomide and rt,1,0,[],"[""Temozolomide""]",[],[],false,fewer_than_two_direct_lexical_components
1984,"temozolomide and rt, then temozolomide",1,0,[],"[""Temozolomide""]",[],[],false,fewer_than_two_direct_lexical_components
1985,temozolomide and thalidomide,2,2,"[""Temozolomide"",""Thalidomide""]",[],[],[],true,at_least_two_direct_components_lexically_grounded_in_regimen_name
1986,temozolomide monotherapy,1,0,[],"[""Temozolomide""]",[],[],false,fewer_than_two_direct_lexical_components
1987,"temozolomide, then temozolomide and rt, then temozolomide",1,0,[],"[""Temozolomide""]",[],[],false,fewer_than_two_direct_lexical_components
1988,temp,4,0,[],"[""Cisplatin"",""Etoposide"",""mitoxantrone"",""Tamoxifen""]",[],[],false,fewer_than_two_direct_lexical_components
1989,temsirolimus and rituximab,2,2,"[""Rituximab"",""Temsirolimus""]",[],[],[],true,at_least_two_direct_components_lexically_grounded_in_regimen_name
1990,temsirolimus monotherapy,1,0,[],"[""Temsirolimus""]",[],[],false,fewer_than_two_direct_lexical_components
1991,teniposide monotherapy,1,0,[],"[""teniposide""]",[],[],false,fewer_than_two_direct_lexical_components
1992,tepotinib monotherapy,1,0,[],"[""tepotinib""]",[],[],false,fewer_than_two_direct_lexical_components
1993,th-ac (paclitaxel),3,0,[],"[""Cyclophosphamide"",""Paclitaxel"",""Trastuzumab""]",[],[],false,fewer_than_two_direct_lexical_components
1994,th-ddac (paclitaxel),3,0,[],"[""Cyclophosphamide"",""Paclitaxel"",""Trastuzumab""]",[],[],false,fewer_than_two_direct_lexical_components
1995,th-fec (docetaxel),6,0,[],"[""Cyclophosphamide"",""Docetaxel"",""Epirubicin"",""Fluorouracil"",""hyaluronidase / trastuzumab"",""Trastuzumab""]",[],[],false,fewer_than_two_direct_lexical_components
1996,th-fec and h (docetaxel),7,0,[],"[""Cyclophosphamide"",""Docetaxel"",""Epirubicin"",""Fluorouracil"",""hyaluronidase / trastuzumab"",""Paclitaxel"",""Trastuzumab""]",[],[],false,fewer_than_two_direct_lexical_components
1997,thalidomide and dexamethasone (td),1,0,[],"[""Thalidomide""]",[],"[""Dexamethasone""]",false,explicit_curated_component_missing_from_uotd_links
1998,thalidomide and prednisolone (tp),1,0,[],"[""Thalidomide""]",[],[],false,fewer_than_two_direct_lexical_components
1999,thalidomide and prednisone (tp),1,0,[],"[""Thalidomide""]",[],"[""Prednisone""]",false,explicit_curated_component_missing_from_uotd_links
2000,thalidomide and rituximab,2,2,"[""Rituximab"",""Thalidomide""]",[],[],[],true,at_least_two_direct_components_lexically_grounded_in_regimen_name
2001,thiotepa monotherapy,1,0,[],"[""thiotepa""]",[],[],false,fewer_than_two_direct_lexical_components
2002,thl (paclitaxel),3,0,[],"[""lapatinib"",""Paclitaxel"",""Trastuzumab""]",[],[],false,fewer_than_two_direct_lexical_components
2003,thp (docetaxel),4,0,[],"[""Docetaxel"",""Paclitaxel"",""Pertuzumab"",""Trastuzumab""]",[],[],false,fewer_than_two_direct_lexical_components
2004,tic,4,0,[],"[""Carboplatin"",""Ifosfamide"",""Mesna"",""Paclitaxel""]",[],[],false,fewer_than_two_direct_lexical_components
2005,tip,4,0,[],"[""Cisplatin"",""Ifosfamide"",""Mesna"",""Paclitaxel""]",[],[],false,fewer_than_two_direct_lexical_components
2006,tisagenlecleucel monotherapy,1,0,[],"[""tisagenlecleucel""]",[],[],false,fewer_than_two_direct_lexical_components
2007,tislelizumab monotherapy,1,0,[],"[""tislelizumab""]",[],[],false,fewer_than_two_direct_lexical_components
2008,tisotumab vedotin monotherapy,1,0,[],"[""tisotumab""]",[],[],false,fewer_than_two_direct_lexical_components
2009,tit,2,0,[],"[""hydrocortisone"",""Methotrexate""]",[],[],false,fewer_than_two_direct_lexical_components
2010,tivozanib monotherapy,1,0,[],"[""tivozanib""]",[],[],false,fewer_than_two_direct_lexical_components
2011,tli,1,0,[],"[""lymphocyte immune globulin, anti-thymocyte globulin""]",[],[],false,fewer_than_two_direct_lexical_components
2012,tmf,3,0,[],"[""Fluorouracil"",""Methotrexate"",""thiotepa""]",[],[],false,fewer_than_two_direct_lexical_components
2013,toap,2,0,[],"[""Thioguanine"",""Vincristine""]",[],[],false,fewer_than_two_direct_lexical_components
2014,tocilizumab monotherapy,1,0,[],"[""tocilizumab""]",[],[],false,fewer_than_two_direct_lexical_components
2015,topotecan and bevacizumab,2,2,"[""Bevacizumab"",""Topotecan""]",[],[],[],true,at_least_two_direct_components_lexically_grounded_in_regimen_name
2016,topotecan monotherapy,1,0,[],"[""Topotecan""]",[],[],false,fewer_than_two_direct_lexical_components
2017,toremifene and trastuzumab,2,2,"[""toremifene"",""Trastuzumab""]",[],[],[],true,at_least_two_direct_components_lexically_grounded_in_regimen_name
2018,toremifene monotherapy,1,0,[],"[""toremifene""]",[],[],false,fewer_than_two_direct_lexical_components
2019,toripalimab monotherapy,1,0,[],"[""toripalimab""]",[],[],false,fewer_than_two_direct_lexical_components
2020,total therapy,6,0,[],"[""Bortezomib"",""Cisplatin"",""Cyclophosphamide"",""Etoposide"",""Melphalan"",""Thalidomide""]",[],[],false,fewer_than_two_direct_lexical_components
2021,tovorafenib monotherapy,1,0,[],"[""tovorafenib""]",[],[],false,fewer_than_two_direct_lexical_components
2022,tpch,4,0,[],"[""Hydroxyurea"",""Lomustine"",""Procarbazine"",""Thioguanine""]",[],[],false,fewer_than_two_direct_lexical_components
2023,tpdc-fuhu,5,0,[],"[""Fluorouracil"",""Hydroxyurea"",""Lomustine"",""Procarbazine"",""Thioguanine""]",[],[],false,fewer_than_two_direct_lexical_components
2024,tpdcv,4,0,[],"[""Lomustine"",""Procarbazine"",""Thioguanine"",""Vincristine""]",[],[],false,fewer_than_two_direct_lexical_components
2025,trabectedin monotherapy,1,0,[],"[""trabectedin""]",[],[],false,fewer_than_two_direct_lexical_components
2026,trametinib monotherapy,1,0,[],"[""Trametinib""]",[],[],false,fewer_than_two_direct_lexical_components
2027,trap,1,0,[],"[""Thioguanine""]",[],[],false,fewer_than_two_direct_lexical_components
2028,trastuzumab and et,2,0,[],"[""Tamoxifen"",""Trastuzumab""]",[],[],false,fewer_than_two_direct_lexical_components
2029,trastuzumab and hyaluronidase monotherapy,1,0,[],"[""hyaluronidase / trastuzumab""]",[],"[""Trastuzumab""]",false,explicit_curated_component_missing_from_uotd_links
2030,trastuzumab deruxtecan monotherapy,1,0,[],"[""Trastuzumab""]",[],[],false,fewer_than_two_direct_lexical_components
2031,trastuzumab emtansine monotherapy,1,0,[],"[""Trastuzumab""]",[],"[""Trastuzumab Emtansine""]",false,explicit_curated_component_missing_from_uotd_links
2032,trastuzumab monotherapy,1,0,[],"[""Trastuzumab""]",[],[],false,fewer_than_two_direct_lexical_components
2033,treosulfan monotherapy,1,0,[],"[""treosulfan""]",[],[],false,fewer_than_two_direct_lexical_components
2034,trifluridine and tipiracil and bevacizumab,2,0,[],"[""Bevacizumab"",""tipiracil / trifluridine""]",[],[],false,fewer_than_two_direct_lexical_components
2035,trifluridine and tipiracil monotherapy,1,0,[],"[""tipiracil / trifluridine""]",[],[],false,fewer_than_two_direct_lexical_components
2036,triptorelin and rt,1,0,[],"[""triptorelin""]",[],[],false,fewer_than_two_direct_lexical_components
2037,triptorelin monotherapy,1,0,[],"[""triptorelin""]",[],[],false,fewer_than_two_direct_lexical_components
2038,tt-r,3,0,[],"[""Paclitaxel"",""Rituximab"",""Topotecan""]",[],[],false,fewer_than_two_direct_lexical_components
2039,tt4,2,0,[],"[""cyclosporine"",""Rituximab""]",[],[],false,fewer_than_two_direct_lexical_components
2040,ttr,3,0,[],"[""Paclitaxel"",""Rituximab"",""Topotecan""]",[],[],false,fewer_than_two_direct_lexical_components
2041,tucatinib and trastuzumab,2,2,"[""Trastuzumab"",""tucatinib""]",[],[],[],true,at_least_two_direct_components_lexically_grounded_in_regimen_name
2042,tvad (pegylated liposomal doxorubicin substituted),2,0,[],"[""Thalidomide"",""Vincristine""]",[],"[""Pegylated Liposomal Doxorubicin""]",false,explicit_curated_component_missing_from_uotd_links
2043,tx-cex,4,0,[],"[""Capecitabine"",""Cyclophosphamide"",""Docetaxel"",""Epirubicin""]",[],[],false,fewer_than_two_direct_lexical_components
2044,uft,0,0,[],[],[],[],false,fewer_than_two_direct_lexical_components
2045,uft monotherapy,0,0,[],[],[],[],false,fewer_than_two_direct_lexical_components
2046,uftm,1,0,[],"[""Mitomycin""]",[],[],false,fewer_than_two_direct_lexical_components
2047,umbralisib monotherapy,1,0,[],"[""umbralisib""]",[],[],false,fewer_than_two_direct_lexical_components
2048,v-beam,4,0,[],"[""Bortezomib"",""Carmustine"",""Etoposide"",""Melphalan""]",[],[],false,fewer_than_two_direct_lexical_components
2049,v-fec,4,0,[],"[""Cyclophosphamide"",""Epirubicin"",""Fluorouracil"",""Vinorelbine""]",[],[],false,fewer_than_two_direct_lexical_components
2050,v-hypercad,2,0,[],"[""Bortezomib"",""Cyclophosphamide""]",[],[],false,fewer_than_two_direct_lexical_components
2051,va,2,0,[],"[""dactinomycin"",""Vincristine""]",[],[],false,fewer_than_two_direct_lexical_components
2052,vaap,2,0,[],"[""Asparaginase"",""Vincristine""]",[],[],false,fewer_than_two_direct_lexical_components
2053,vab 1,2,0,[],"[""Bleomycin"",""dactinomycin""]",[],[],false,fewer_than_two_direct_lexical_components
2054,vab 2,3,0,[],"[""Bleomycin"",""Cisplatin"",""dactinomycin""]",[],[],false,fewer_than_two_direct_lexical_components
2055,vab 3,5,0,[],"[""Bleomycin"",""Chlorambucil"",""Cisplatin"",""Cyclophosphamide"",""dactinomycin""]",[],[],false,fewer_than_two_direct_lexical_components
2056,vab-6,4,0,[],"[""Bleomycin"",""Cisplatin"",""Cyclophosphamide"",""dactinomycin""]",[],[],false,fewer_than_two_direct_lexical_components
2057,vab-v,4,0,[],"[""Bleomycin"",""Cisplatin"",""Cyclophosphamide"",""dactinomycin""]",[],[],false,fewer_than_two_direct_lexical_components
2058,vabcd,3,0,[],"[""Bleomycin"",""Dacarbazine"",""Lomustine""]",[],[],false,fewer_than_two_direct_lexical_components
2059,vaca,3,0,[],"[""Cyclophosphamide"",""dactinomycin"",""Vincristine""]",[],[],false,fewer_than_two_direct_lexical_components
2060,vaca/ie,5,0,[],"[""Cyclophosphamide"",""dactinomycin"",""Etoposide"",""Ifosfamide"",""Vincristine""]",[],[],false,fewer_than_two_direct_lexical_components
2061,vacad,4,0,[],"[""Cyclophosphamide"",""Dacarbazine"",""dactinomycin"",""Vincristine""]",[],[],false,fewer_than_two_direct_lexical_components
2062,vacop-b,4,0,[],"[""Bleomycin"",""Cyclophosphamide"",""Etoposide"",""Vincristine""]",[],[],false,fewer_than_two_direct_lexical_components
2063,vad and cyclosporine,2,0,[],"[""cyclosporine"",""Vincristine""]",[],[],false,fewer_than_two_direct_lexical_components
2064,vad plus c,2,0,[],"[""Chlorambucil"",""Vincristine""]",[],[],false,fewer_than_two_direct_lexical_components
2065,vad-p,1,0,[],"[""Vincristine""]",[],[],false,fewer_than_two_direct_lexical_components
2066,vad-p/q,2,0,[],"[""quinine"",""Vincristine""]",[],[],false,fewer_than_two_direct_lexical_components
2067,vad/v,2,0,[],"[""verapamil"",""Vincristine""]",[],[],false,fewer_than_two_direct_lexical_components
2068,vafac,4,0,[],"[""Cyclophosphamide"",""Fluorouracil"",""Methotrexate"",""Vincristine""]",[],[],false,fewer_than_two_direct_lexical_components
2069,vai,3,0,[],"[""dactinomycin"",""Ifosfamide"",""Vincristine""]",[],[],false,fewer_than_two_direct_lexical_components
2070,vaia,3,0,[],"[""dactinomycin"",""Ifosfamide"",""Vincristine""]",[],[],false,fewer_than_two_direct_lexical_components
2071,valemetostat monotherapy,0,0,[],[],[],[],false,fewer_than_two_direct_lexical_components
2072,vam,2,0,[],"[""Etoposide"",""Methotrexate""]",[],[],false,fewer_than_two_direct_lexical_components
2073,vamp,3,0,[],"[""Mercaptopurine"",""Methotrexate"",""Vincristine""]",[],[],false,fewer_than_two_direct_lexical_components
2074,vandetanib monotherapy,1,0,[],"[""vandetanib""]",[],[],false,fewer_than_two_direct_lexical_components
2075,vap,1,0,[],"[""Vincristine""]",[],[],false,fewer_than_two_direct_lexical_components
2076,vap-ii,2,0,[],"[""Cisplatin"",""dactinomycin""]",[],[],false,fewer_than_two_direct_lexical_components
2077,vatd,2,0,[],"[""Thioguanine"",""Vincristine""]",[],[],false,fewer_than_two_direct_lexical_components
2078,vath,1,0,[],"[""thiotepa""]",[],[],false,fewer_than_two_direct_lexical_components
2079,vav,2,0,[],"[""Etoposide"",""Vincristine""]",[],[],false,fewer_than_two_direct_lexical_components
2080,vb,1,0,[],"[""Bleomycin""]",[],[],false,fewer_than_two_direct_lexical_components
2081,vba,2,0,[],"[""Carmustine"",""Vincristine""]",[],[],false,fewer_than_two_direct_lexical_components
2082,vbap,2,0,[],"[""Carmustine"",""Vincristine""]",[],[],false,fewer_than_two_direct_lexical_components
2083,vbm (vincristine),3,0,[],"[""Bleomycin"",""Methotrexate"",""Vincristine""]",[],[],false,fewer_than_two_direct_lexical_components
2084,vbmcp,4,0,[],"[""Carmustine"",""Cyclophosphamide"",""Melphalan"",""Vincristine""]",[],[],false,fewer_than_two_direct_lexical_components
2085,vbmcp/vbad,4,0,[],"[""Carmustine"",""Cyclophosphamide"",""Melphalan"",""Vincristine""]",[],[],false,fewer_than_two_direct_lexical_components
2086,vbmf,4,0,[],"[""Bleomycin"",""Fluorouracil"",""Methotrexate"",""Vincristine""]",[],[],false,fewer_than_two_direct_lexical_components
2087,vcap,1,0,[],"[""Cyclophosphamide""]",[],[],false,fewer_than_two_direct_lexical_components
2088,vcf,3,0,[],"[""Cyclophosphamide"",""Fluorouracil"",""Vincristine""]",[],[],false,fewer_than_two_direct_lexical_components
2089,vcr-cvad,4,0,[],"[""Bortezomib"",""Cyclophosphamide"",""Rituximab"",""Vincristine""]",[],[],false,fewer_than_two_direct_lexical_components
2090,vdc/ie,4,0,[],"[""Cyclophosphamide"",""Etoposide"",""Ifosfamide"",""Vincristine""]",[],[],false,fewer_than_two_direct_lexical_components
2091,veip,2,0,[],"[""Cisplatin"",""Ifosfamide""]",[],[],false,fewer_than_two_direct_lexical_components
2092,vemp,2,0,[],"[""Cyclophosphamide"",""Vincristine""]",[],[],false,fewer_than_two_direct_lexical_components
2093,vemurafenib monotherapy,1,0,[],"[""Vemurafenib""]",[],[],false,fewer_than_two_direct_lexical_components
2094,ven-kd,2,0,[],"[""Carfilzomib"",""Venetoclax""]",[],[],false,fewer_than_two_direct_lexical_components
2095,venetoclax and rituximab,2,2,"[""Rituximab"",""Venetoclax""]",[],[],[],true,at_least_two_direct_components_lexically_grounded_in_regimen_name
2096,venetoclax monotherapy,1,0,[],"[""Venetoclax""]",[],[],false,fewer_than_two_direct_lexical_components
2097,vepa,2,0,[],"[""Cyclophosphamide"",""Vincristine""]",[],[],false,fewer_than_two_direct_lexical_components
2098,vepemb,5,0,[],"[""Bleomycin"",""Cyclophosphamide"",""Etoposide"",""mitoxantrone"",""Procarbazine""]",[],[],false,fewer_than_two_direct_lexical_components
2099,vh-fec,5,0,[],"[""Cyclophosphamide"",""Epirubicin"",""Fluorouracil"",""Trastuzumab"",""Vinorelbine""]",[],[],false,fewer_than_two_direct_lexical_components
2100,vhp,3,0,[],"[""Pertuzumab"",""Trastuzumab"",""Vinorelbine""]",[],[],false,fewer_than_two_direct_lexical_components
2101,vide,3,0,[],"[""Etoposide"",""Ifosfamide"",""Vincristine""]",[],[],false,fewer_than_two_direct_lexical_components
2102,vie,3,0,[],"[""Etoposide"",""Ifosfamide"",""Vincristine""]",[],[],false,fewer_than_two_direct_lexical_components
2103,vinblastine and prednisone,0,0,[],[],[],"[""Prednisone"",""Vinblastine""]",false,explicit_curated_component_missing_from_uotd_links
2104,vinblastine monotherapy,0,0,[],[],[],"[""Vinblastine""]",false,explicit_curated_component_missing_from_uotd_links
2105,vincristine liposomal monotherapy,1,0,[],"[""Vincristine""]",[],[],false,fewer_than_two_direct_lexical_components
2106,vincristine monotherapy,1,0,[],"[""Vincristine""]",[],[],false,fewer_than_two_direct_lexical_components
2107,vindesine monotherapy,0,0,[],[],[],[],false,fewer_than_two_direct_lexical_components
2108,vinflunine monotherapy,0,0,[],[],[],[],false,fewer_than_two_direct_lexical_components
2109,vinorelbine and bevacizumab,2,2,"[""Bevacizumab"",""Vinorelbine""]",[],[],[],true,at_least_two_direct_components_lexically_grounded_in_regimen_name
2110,vinorelbine and margetuximab,2,2,"[""margetuximab"",""Vinorelbine""]",[],[],[],true,at_least_two_direct_components_lexically_grounded_in_regimen_name
2111,vinorelbine and trastuzumab (vh),2,2,"[""Trastuzumab"",""Vinorelbine""]",[],[],[],true,at_least_two_direct_components_lexically_grounded_in_regimen_name
2112,vinorelbine and trastuzumab (vh) and everolimus,3,3,"[""Everolimus"",""Trastuzumab"",""Vinorelbine""]",[],[],[],true,at_least_two_direct_components_lexically_grounded_in_regimen_name
2113,vip,3,0,[],"[""Cisplatin"",""Etoposide"",""Ifosfamide""]",[],[],false,fewer_than_two_direct_lexical_components
2114,vip-b,4,0,[],"[""Bleomycin"",""Cisplatin"",""Etoposide"",""Ifosfamide""]",[],[],false,fewer_than_two_direct_lexical_components
2115,vipd,3,0,[],"[""Cisplatin"",""Etoposide"",""Ifosfamide""]",[],[],false,fewer_than_two_direct_lexical_components
2116,vismodegib monotherapy,1,0,[],"[""vismodegib""]",[],[],false,fewer_than_two_direct_lexical_components
2117,vm,2,0,[],"[""Melphalan"",""Vincristine""]",[],[],false,fewer_than_two_direct_lexical_components
2118,vm-26pp,2,0,[],"[""Procarbazine"",""teniposide""]",[],[],false,fewer_than_two_direct_lexical_components
2119,vmad,3,0,[],"[""dactinomycin"",""Methotrexate"",""Vincristine""]",[],[],false,fewer_than_two_direct_lexical_components
2120,vmc,3,0,[],"[""Etoposide"",""folic acid"",""Methotrexate""]",[],[],false,fewer_than_two_direct_lexical_components
2121,vmcp,3,0,[],"[""Cyclophosphamide"",""Melphalan"",""Vincristine""]",[],[],false,fewer_than_two_direct_lexical_components
2122,vmcp/vbap,4,0,[],"[""Carmustine"",""Cyclophosphamide"",""Melphalan"",""Vincristine""]",[],[],false,fewer_than_two_direct_lexical_components
2123,vmcp/vcap,3,0,[],"[""Cyclophosphamide"",""Melphalan"",""Vincristine""]",[],[],false,fewer_than_two_direct_lexical_components
2124,vmd,2,0,[],"[""Bortezomib"",""Melphalan""]",[],[],false,fewer_than_two_direct_lexical_components
2125,"vmp, then rd",3,0,[],"[""Bortezomib"",""Lenalidomide"",""Melphalan""]",[],[],false,fewer_than_two_direct_lexical_components
2126,vmp/rd,3,0,[],"[""Bortezomib"",""Lenalidomide"",""Melphalan""]",[],[],false,fewer_than_two_direct_lexical_components
2127,vmpt,3,0,[],"[""Bortezomib"",""Melphalan"",""Thalidomide""]",[],[],false,fewer_than_two_direct_lexical_components
2128,vmv-vac,4,0,[],"[""Cyclophosphamide"",""Etoposide"",""Methotrexate"",""Vincristine""]",[],[],false,fewer_than_two_direct_lexical_components
2129,vmv/vac,4,0,[],"[""Cyclophosphamide"",""Etoposide"",""Methotrexate"",""Vincristine""]",[],[],false,fewer_than_two_direct_lexical_components
2130,vncop-b,5,0,[],"[""Bleomycin"",""Cyclophosphamide"",""Etoposide"",""mitoxantrone"",""Vincristine""]",[],[],false,fewer_than_two_direct_lexical_components
2131,vocap,4,0,[],"[""Cisplatin"",""Cyclophosphamide"",""Etoposide"",""Vincristine""]",[],[],false,fewer_than_two_direct_lexical_components
2132,vorinostat and rituximab,2,2,"[""Rituximab"",""vorinostat""]",[],[],[],true,at_least_two_direct_components_lexically_grounded_in_regimen_name
2133,vorinostat monotherapy,1,0,[],"[""vorinostat""]",[],[],false,fewer_than_two_direct_lexical_components
2134,vpbcpr,3,0,[],"[""Chlorambucil"",""Procarbazine"",""Vincristine""]",[],[],false,fewer_than_two_direct_lexical_components
2135,vpp,1,0,[],"[""Cisplatin""]",[],[],false,fewer_than_two_direct_lexical_components
2136,vpv,2,0,[],"[""Cisplatin"",""Etoposide""]",[],[],false,fewer_than_two_direct_lexical_components
2137,vr-cap,3,0,[],"[""Bortezomib"",""Cyclophosphamide"",""Rituximab""]",[],[],false,fewer_than_two_direct_lexical_components
2138,vr-chop,4,0,[],"[""Bortezomib"",""Cyclophosphamide"",""Rituximab"",""Vincristine""]",[],[],false,fewer_than_two_direct_lexical_components
2139,vr-cp,3,0,[],"[""Bortezomib"",""Cyclophosphamide"",""Rituximab""]",[],[],false,fewer_than_two_direct_lexical_components
2140,vt,2,0,[],"[""Bortezomib"",""Thalidomide""]",[],[],false,fewer_than_two_direct_lexical_components
2141,vtd,2,0,[],"[""Bortezomib"",""Thalidomide""]",[],[],false,fewer_than_two_direct_lexical_components
2142,vtd-pace,5,0,[],"[""Bortezomib"",""Cisplatin"",""Cyclophosphamide"",""Etoposide"",""Thalidomide""]",[],[],false,fewer_than_two_direct_lexical_components
2143,vtepa,4,0,[],"[""Cisplatin"",""Etoposide"",""Paclitaxel"",""Vinorelbine""]",[],[],false,fewer_than_two_direct_lexical_components
2144,vtp,2,0,[],"[""Bortezomib"",""Thalidomide""]",[],[],false,fewer_than_two_direct_lexical_components
2145,warfarin monotherapy,1,0,[],"[""warfarin""]",[],[],false,fewer_than_two_direct_lexical_components
2146,xhp,3,0,[],"[""Capecitabine"",""Pertuzumab"",""Trastuzumab""]",[],[],false,fewer_than_two_direct_lexical_components
2147,z-beam,5,0,[],"[""Carmustine"",""Etoposide"",""ibritumomab tiuxetan"",""Melphalan"",""Rituximab""]",[],[],false,fewer_than_two_direct_lexical_components
2148,zanubrutinib and obinutuzumab,2,2,"[""Obinutuzumab"",""Zanubrutinib""]",[],[],[],true,at_least_two_direct_components_lexically_grounded_in_regimen_name
2149,zanubrutinib monotherapy,1,0,[],"[""Zanubrutinib""]",[],[],false,fewer_than_two_direct_lexical_components
2150,zimberelimab monotherapy,0,0,[],[],[],[],false,fewer_than_two_direct_lexical_components
2151,zrd,2,0,[],"[""Lenalidomide"",""vorinostat""]",[],[],false,fewer_than_two_direct_lexical_components
